Waktu,id,Username,Text;
2021-06-17 17:01:13,1405571242707484676,AndreasYunianto07,b'RT @KAI121: Manusia memiliki potensi dan kesempatan yang sama. Jangan menyerah untuk terus berusaha mendapatkan yang terbaik.\n\nSelamat pagi\xe2\x80\xa6';
2021-06-17 14:59:21,1405540574120214536,Adria Sukma Jayana,b'RT @KAI121: Manusia memiliki potensi dan kesempatan yang sama. Jangan menyerah untuk terus berusaha mendapatkan yang terbaik.\n\nSelamat pagi\xe2\x80\xa6';
2021-06-17 13:28:11,1405517631306702853,Merza Gamal,b'Suatu hari di Kupang-Nusa Tenggara Timur.\n#merzagamal #jelajahnusantara #wonderfulindonesia #instatravelling @ Kupa\xe2\x80\xa6 https://t.co/AWLnPDUeAT';
2021-06-17 13:03:02,1405511301367930883,Alva,b'RT @Kemenparekraf: Udah nggak sabar kan buat kemBALI lagi? Ada yang udah sepik-sepik buat izin atasan ngantor dari Bali?\n\n#WorkfromBali\n#Di\xe2\x80\xa6';
2021-06-17 13:02:06,1405511070278590466,Pariwisata & Ekonomi Kreatif,b'Udah nggak sabar kan buat kemBALI lagi? Ada yang udah sepik-sepik buat izin atasan ngantor dari Bali?\xe2\x80\xa6 https://t.co/gPhdNAvlpi';
"2021-06-17 12:43:02,1405506271164264452,Mujiono,""b'RT @pesonaid_travel: Selamat pagi, Aku hanya ingin bilang.. Aku rindu Bali! #diindonesiaAja #WonderfulIndonesia https://t.co/GxqlvLy9Ta'""";
2021-06-17 12:00:16,1405495505698787334,Nareswari Aleeya,b'RT @Kemenparekraf: Dapatkan informasi terkini seputar serba-serbi Parekraf Tanah Air melalui akun Instagram Kemenparekraf.ri \n\nCus difollow\xe2\x80\xa6';
2021-06-17 08:50:46,1405447819515678720,Pariwisata & Ekonomi Kreatif,b'Dapatkan informasi terkini seputar serba-serbi Parekraf Tanah Air melalui akun Instagram Kemenparekraf.ri \n\nCus dif\xe2\x80\xa6 https://t.co/9gjjbfBCOr';
2021-06-17 08:30:45,1405442780621676546,AdventureLombok_Tour,b'Here the few reasons to visit Lombok. #wonderfulindonesia #adventurelombok #wonderfulland #lombok \n\xf0\x9f\x93\xb8 IG: wahego @ L\xe2\x80\xa6 https://t.co/daGVnqZZb0';
2021-06-17 07:32:33,1405428133189226497,Namikaze,b'RT @KAI121: Manusia memiliki potensi dan kesempatan yang sama. Jangan menyerah untuk terus berusaha mendapatkan yang terbaik.\n\nSelamat pagi\xe2\x80\xa6';
2021-06-17 07:08:28,1405422074806427649,Nana,b'RT @KAI121: Manusia memiliki potensi dan kesempatan yang sama. Jangan menyerah untuk terus berusaha mendapatkan yang terbaik.\n\nSelamat pagi\xe2\x80\xa6';
"2021-06-17 06:41:40,1405415327383494656,Agustin Peranginangin,""b'RT @Kemenparekraf: Geser untuk tau tips lengkapnya \xf0\x9f\x91\x89\xf0\x9f\x91\x89\xf0\x9f\x91\x89 \n\nYuk, sebarluaskan tips ini ke teman makan barengmu biar bisa saling jaga. Jangan l\xe2\x80\xa6'""";
2021-06-17 04:52:11,1405387778846715911,andi sarinah,b'RT @Portofolio_RI: DIRGAHAYU HARI JADI - HUT KOTA PALEMBANG | Portofolio Indonesia https://t.co/0275gkpoyS\n#hutkotapalembang #harijadikotap\xe2\x80\xa6';
2021-06-17 04:18:09,1405379212521865216,Ilham Akmal Rafi Pramudya,b'RT @KAI121: Manusia memiliki potensi dan kesempatan yang sama. Jangan menyerah untuk terus berusaha mendapatkan yang terbaik.\n\nSelamat pagi\xe2\x80\xa6';
"2021-06-17 04:05:24,1405376003094978568,Aloya Coffee,""b'RT @Kemenparekraf: Geser untuk tau tips lengkapnya \xf0\x9f\x91\x89\xf0\x9f\x91\x89\xf0\x9f\x91\x89 \n\nYuk, sebarluaskan tips ini ke teman makan barengmu biar bisa saling jaga. Jangan l\xe2\x80\xa6'""";
2021-06-17 03:46:58,1405371364253470725,Nurhidayah,b'RT @KAI121: Manusia memiliki potensi dan kesempatan yang sama. Jangan menyerah untuk terus berusaha mendapatkan yang terbaik.\n\nSelamat pagi\xe2\x80\xa6';
"2021-06-17 03:37:55,1405369086842863619,Pariwisata & Ekonomi Kreatif,""b'Geser untuk tau tips lengkapnya \xf0\x9f\x91\x89\xf0\x9f\x91\x89\xf0\x9f\x91\x89 \n\nYuk, sebarluaskan tips ini ke teman makan barengmu biar bisa saling jaga. Jan\xe2\x80\xa6 https://t.co/tcsMSXB6lk'""";
2021-06-17 03:17:36,1405363974057590785,Micko Rivaldo,b'RT @KAI121: Manusia memiliki potensi dan kesempatan yang sama. Jangan menyerah untuk terus berusaha mendapatkan yang terbaik.\n\nSelamat pagi\xe2\x80\xa6';
2021-06-17 02:46:42,1405356196081508353,suka foto sepur,b'RT @KAI121: Manusia memiliki potensi dan kesempatan yang sama. Jangan menyerah untuk terus berusaha mendapatkan yang terbaik.\n\nSelamat pagi\xe2\x80\xa6';
2021-06-17 02:30:22,1405352087907565569,Agustin Peranginangin,b'RT @Kemenparekraf: Hal tersebut dikatakan Menparekraf @sandiuno usai melantik Deputi Bidang Pengembangan Destinasi dan Infrastruktur Kemenp\xe2\x80\xa6';
"2021-06-17 02:25:16,1405350802680467457,Mchael,""b'RT @KAI121: Keberhasilan dalam kehidupan, hanya bisa didapatkan ketika ada kemauan dan berjuang dengan keras.\n\nSelamat pagi, #SahabatKAI\n\n#\xe2\x80\xa6'""";
2021-06-17 02:21:06,1405349755325091840,Mchael,b'RT @KAI121: Manusia memiliki potensi dan kesempatan yang sama. Jangan menyerah untuk terus berusaha mendapatkan yang terbaik.\n\nSelamat pagi\xe2\x80\xa6';
2021-06-17 02:15:00,1405348219609964544,Pariwisata & Ekonomi Kreatif,b'Hal tersebut dikatakan Menparekraf @sandiuno usai melantik Deputi Bidang Pengembangan Destinasi dan Infrastruktur K\xe2\x80\xa6 https://t.co/htQXbma3bA';
2021-06-17 01:37:29,1405338779569688579,Lugas,b'RT @KAI121: Manusia memiliki potensi dan kesempatan yang sama. Jangan menyerah untuk terus berusaha mendapatkan yang terbaik.\n\nSelamat pagi\xe2\x80\xa6';
2021-06-17 01:02:26,1405329957555904512,HamuEco Raja Ampat,b'Kapan kamu sisikan uang belajan mu untuk liburan ke Raja Ampat !\n\n#wonderfulindonesia #rajaampat #travelling https://t.co/y1sQe6Dl92';
2021-06-17 00:59:55,1405329325541388295,V.F.J,b'RT @KAI121: Manusia memiliki potensi dan kesempatan yang sama. Jangan menyerah untuk terus berusaha mendapatkan yang terbaik.\n\nSelamat pagi\xe2\x80\xa6';
2021-06-17 00:45:10,1405325613636849664,â€¢ğ“¦ğ“²ğ“´ğ“ª,b'RT @KAI121: Manusia memiliki potensi dan kesempatan yang sama. Jangan menyerah untuk terus berusaha mendapatkan yang terbaik.\n\nSelamat pagi\xe2\x80\xa6';
2021-06-17 00:29:14,1405321604884615170,h.. atilla,b'RT @pesonaid_travel: Sapaan mentari pagi terlihat lebih dramatis jika disaksikan melalui hamparan persawahan dan perkebunan berlatar-belaka\xe2\x80\xa6';
2021-06-17 00:23:06,1405320059451371520,Novri Hargita Kusuma,b'RT @KAI121: Manusia memiliki potensi dan kesempatan yang sama. Jangan menyerah untuk terus berusaha mendapatkan yang terbaik.\n\nSelamat pagi\xe2\x80\xa6';
2021-06-17 00:12:36,1405317416515633152,D H A N I,b'RT @KAI121: Manusia memiliki potensi dan kesempatan yang sama. Jangan menyerah untuk terus berusaha mendapatkan yang terbaik.\n\nSelamat pagi\xe2\x80\xa6';
2021-06-17 00:12:26,1405317375214247940,ï¼³ï¼¥ï¼°ï¼µï¼²ï¼­ï¼¡ï¼®,b'RT @KAI121: Manusia memiliki potensi dan kesempatan yang sama. Jangan menyerah untuk terus berusaha mendapatkan yang terbaik.\n\nSelamat pagi\xe2\x80\xa6';
2021-06-17 00:03:11,1405315047392374787,Aat maning,b'RT @KAI121: Manusia memiliki potensi dan kesempatan yang sama. Jangan menyerah untuk terus berusaha mendapatkan yang terbaik.\n\nSelamat pagi\xe2\x80\xa6';
2021-06-16 23:59:50,1405314205046112257,Kereta Api Indonesia,b'Manusia memiliki potensi dan kesempatan yang sama. Jangan menyerah untuk terus berusaha mendapatkan yang terbaik.\xe2\x80\xa6 https://t.co/5LLmmf2F6y';
2021-06-16 21:30:09,1405276534626152451,Nareswari Aleeya,b'RT @Kemenparekraf: Kemenparekraf menolak gratifikasi dalam bentuk apapun yang menjadi jalur pintas untuk korupsi. Utamakan integritas dan k\xe2\x80\xa6';
2021-06-16 17:15:07,1405212355147943937,Agustin Peranginangin,b'RT @BOBorobudur: Pengembangan Borobudur sebagai destinasi Pariwisata Super Prioritas tentunya akan memberikan sumber pertumbuhan ekonomi sk\xe2\x80\xa6';
"2021-06-16 17:13:33,1405211961973874694,Agus Hendrowibowo,""b'RT @KAI121: Keberhasilan dalam kehidupan, hanya bisa didapatkan ketika ada kemauan dan berjuang dengan keras.\n\nSelamat pagi, #SahabatKAI\n\n#\xe2\x80\xa6'""";
"2021-06-16 17:04:26,1405209663897890817,Pariwisata & Ekonomi Kreatif,""b'Info selengkapnya, simak kultwit ini \xf0\x9f\x98\x89\n\n#BangkitBersamaKemenparekraf\n#Wonderfulindonesia https://t.co/KIz77T9mnX'""";
2021-06-16 16:57:38,1405207953687289867,Babinkamtibmas,b'RT @Kemenparekraf: Kemenparekraf menolak gratifikasi dalam bentuk apapun yang menjadi jalur pintas untuk korupsi. Utamakan integritas dan k\xe2\x80\xa6';
2021-06-16 16:51:20,1405206367913201671,ARIS APRIYADI KING,b'@_kemilaupesawaran \nRasa lelah mendaki yang kamu rasakan akan sebanding dengan inspirasi yang kamu dapatkan \xf0\x9f\xa5\xb0\n.\n\xf0\x9f\x93\x8c B\xe2\x80\xa6 https://t.co/Lb6yp0zV0z';
"2021-06-16 15:19:09,1405183169234669578,Adria Sukma Jayana,""b'RT @KAI121: Keberhasilan dalam kehidupan, hanya bisa didapatkan ketika ada kemauan dan berjuang dengan keras.\n\nSelamat pagi, #SahabatKAI\n\n#\xe2\x80\xa6'""";
"2021-06-16 13:57:35,1405162644382773251,IG blusukanbantul,""b'Reposted from @supri86.sy36 Senja yg indah dan malm yg syahdu,, \xf0\x9f\x98\x81\xf0\x9f\x99\x88\nLok :@bukitlintangsewu \nIf :@vitriawulan_\xe2\x80\xa6 https://t.co/eQlelhtPEf'""";
"2021-06-16 13:18:59,1405152930248888324,Tri hadi bariyanto,""b'RT @KAI121: Keberhasilan dalam kehidupan, hanya bisa didapatkan ketika ada kemauan dan berjuang dengan keras.\n\nSelamat pagi, #SahabatKAI\n\n#\xe2\x80\xa6'""";
2021-06-16 12:09:01,1405135319704477698,Ayu Puspitasari,b'Wanita hebat itu..... seperti kamu. \xf0\x9f\x92\x90\xf0\x9f\x99\x82\n.\n.\n.\n.\n#ayupuspitasari #ay #potretkehidupan #berkatmelimpah #photography\xe2\x80\xa6 https://t.co/Ijx99gkOfi';
"2021-06-16 10:01:02,1405103114106019841,â­,""b'RT @KAI121: Sukses tidaklah dinilai dari hasil akhir saja, tapi juga proses serta perjuanganmu dalam meraihnya.\n\nSelamat pagi, #SahabatKAI\xe2\x80\xa6'""";
"2021-06-16 09:45:41,1405099252359991300,AndreasYunianto07,""b'RT @KAI121: Keberhasilan dalam kehidupan, hanya bisa didapatkan ketika ada kemauan dan berjuang dengan keras.\n\nSelamat pagi, #SahabatKAI\n\n#\xe2\x80\xa6'""";
2021-06-16 09:43:17,1405098647524495361,wisata kampung indian kediri,b'MARI BERSENANG - SENANG.....!!!\n\nJANGAN LUPA SELALU TAAT PROKESNYA YA GAESSS\xe2\x80\xa6.!!!!\n\xe2\x80\xa2MENCUCI TANGAN PAKAI SABUN\n\xe2\x80\xa2MEN\xe2\x80\xa6 https://t.co/56GxyE5Kc8';
2021-06-16 09:12:26,1405090881955241986,Kang Dien,b'RT @Kemenparekraf: Kemenparekraf menolak gratifikasi dalam bentuk apapun yang menjadi jalur pintas untuk korupsi. Utamakan integritas dan k\xe2\x80\xa6';
2021-06-16 08:49:26,1405085095879344128,Timo,b'RT @Kemenparekraf: Kemenparekraf menolak gratifikasi dalam bentuk apapun yang menjadi jalur pintas untuk korupsi. Utamakan integritas dan k\xe2\x80\xa6';
2021-06-16 08:38:01,1405082222311264259,Ngonlain Damai & Tenang tanpa adanya FPI Terlarang,b'RT @Kemenparekraf: Kemenparekraf menolak gratifikasi dalam bentuk apapun yang menjadi jalur pintas untuk korupsi. Utamakan integritas dan k\xe2\x80\xa6';
2021-06-16 08:30:11,1405080248580907013,Pariwisata & Ekonomi Kreatif,b'Kemenparekraf menolak gratifikasi dalam bentuk apapun yang menjadi jalur pintas untuk korupsi. Utamakan integritas\xe2\x80\xa6 https://t.co/and0FI2OZq';
2021-06-16 08:27:51,1405079662309617667,Merza Gamal,b'Suatu hari di Pulau Samosir-Toba.\n#merzagamal #jelajahnusantara #wonderfulindonesia #instatraveling https://t.co/wmI6wAmZ2N';
2021-06-16 07:45:09,1405068919426011139,Pariwisata & Ekonomi Kreatif,b'Mention partner jalanmu dan simpan postingan ini biar nggak lupa! \xf0\x9f\x98\x89 \n\n#InDOnesiaCARE\n#BangkitBersamaKemenparekraf\n#WonderfulIndonesia';
"2021-06-16 06:38:55,1405052247747153923,gajahkecil,""b'RT @KAI121: Keberhasilan dalam kehidupan, hanya bisa didapatkan ketika ada kemauan dan berjuang dengan keras.\n\nSelamat pagi, #SahabatKAI\n\n#\xe2\x80\xa6'""";
2021-06-16 06:25:39,1405048910008094723,My Jogja ID,b'Ada yang pecinta kopi???\nTernyata di Jogja ada kopi yang cukup terkenal loh guys..\nNih mimin ulas sedikit kopi dari\xe2\x80\xa6 https://t.co/7RQFKgVZKT';
"2021-06-16 06:04:53,1405043683498500096,Sonny RS ğŸ‡²ğŸ‡¨,""b'RT @KAI121: Keberhasilan dalam kehidupan, hanya bisa didapatkan ketika ada kemauan dan berjuang dengan keras.\n\nSelamat pagi, #SahabatKAI\n\n#\xe2\x80\xa6'""";
"2021-06-16 04:03:16,1405013078270308352,NÃ¯Ã°Ã£D@Ã±z^!^,""b'RT @KAI121: Keberhasilan dalam kehidupan, hanya bisa didapatkan ketika ada kemauan dan berjuang dengan keras.\n\nSelamat pagi, #SahabatKAI\n\n#\xe2\x80\xa6'""";
"2021-06-16 04:00:13,1405012309173411846,ï¼³ï¼¥ï¼°ï¼µï¼²ï¼­ï¼¡ï¼®,""b'RT @KAI121: Keberhasilan dalam kehidupan, hanya bisa didapatkan ketika ada kemauan dan berjuang dengan keras.\n\nSelamat pagi, #SahabatKAI\n\n#\xe2\x80\xa6'""";
"2021-06-16 04:00:08,1405012289300828163,suka foto sepur,""b'RT @KAI121: Keberhasilan dalam kehidupan, hanya bisa didapatkan ketika ada kemauan dan berjuang dengan keras.\n\nSelamat pagi, #SahabatKAI\n\n#\xe2\x80\xa6'""";
"2021-06-16 02:55:44,1404996081985802240,Ziad Muhamad,""b'RT @KAI121: Keberhasilan dalam kehidupan, hanya bisa didapatkan ketika ada kemauan dan berjuang dengan keras.\n\nSelamat pagi, #SahabatKAI\n\n#\xe2\x80\xa6'""";
"2021-06-16 02:50:52,1404994859899899906,Robby Tanto,""b'RT @KAI121: Bangun pagi bukanlah kewajiban, tapi sebuah keharusan. Keharusan mempersiapkan diri untuk menjemput rezeki.\n\nSelamat pagi, #Sah\xe2\x80\xa6'""";
"2021-06-16 02:28:24,1404989205336391681,Ilham Akmal Rafi Pramudya,""b'RT @KAI121: Keberhasilan dalam kehidupan, hanya bisa didapatkan ketika ada kemauan dan berjuang dengan keras.\n\nSelamat pagi, #SahabatKAI\n\n#\xe2\x80\xa6'""";
2021-06-16 02:15:10,1404985876296482817,Andrew,b'RT @jamaladiwibowo: Pagi akan kembali pagi... Awali pagi dengan semangat....\n#selamatpagi #pagi #wonderfulindonesia  #love #kopi #kopipagi\xe2\x80\xa6';
2021-06-16 02:02:19,1404982640256638977,Agustina D.W.,b'Silly Me\n.\n.\n.\n.\n.\n#amazingplaces #beatifuldestinations #hijabstyle #hijabootd #hijabtraveller #vacation #traveling\xe2\x80\xa6 https://t.co/PdHwnMnOlr';
"2021-06-16 01:36:11,1404976065265639427,No Name to R,""b'RT @KAI121: Keberhasilan dalam kehidupan, hanya bisa didapatkan ketika ada kemauan dan berjuang dengan keras.\n\nSelamat pagi, #SahabatKAI\n\n#\xe2\x80\xa6'""";
2021-06-16 01:34:57,1404975754950103047,JAMSE_AW86,b'Pagi akan kembali pagi... Awali pagi dengan semangat....\n#selamatpagi #pagi #wonderfulindonesia  #love #kopi\xe2\x80\xa6 https://t.co/sRqD9traxJ';
"2021-06-16 01:29:41,1404974426756587525,adie n,""b'RT @KAI121: Keberhasilan dalam kehidupan, hanya bisa didapatkan ketika ada kemauan dan berjuang dengan keras.\n\nSelamat pagi, #SahabatKAI\n\n#\xe2\x80\xa6'""";
"2021-06-16 01:07:10,1404968760029548545,Pariaman Tourism,""b'Pagi-pagi biar lebih semangat liatin yang seger-seger dulu yuk\xf0\x9f\x98\x8d\n\nPantai Binasi, Desa Marunggi, Kecamatan Pariaman S\xe2\x80\xa6 https://t.co/HoYyE5c6NN'""";
"2021-06-16 01:01:02,1404967219390386178,â€¢ğ“¦ğ“²ğ“´ğ“ª,""b'RT @KAI121: Keberhasilan dalam kehidupan, hanya bisa didapatkan ketika ada kemauan dan berjuang dengan keras.\n\nSelamat pagi, #SahabatKAI\n\n#\xe2\x80\xa6'""";
"2021-06-16 00:18:49,1404956595008675841,Aluqman_bj,""b'RT @KAI121: Keberhasilan dalam kehidupan, hanya bisa didapatkan ketika ada kemauan dan berjuang dengan keras.\n\nSelamat pagi, #SahabatKAI\n\n#\xe2\x80\xa6'""";
"2021-06-16 00:07:58,1404953862650294276,D H A N I,""b'RT @KAI121: Keberhasilan dalam kehidupan, hanya bisa didapatkan ketika ada kemauan dan berjuang dengan keras.\n\nSelamat pagi, #SahabatKAI\n\n#\xe2\x80\xa6'""";
"2021-06-16 00:02:05,1404952381113081858,ğŸ’¨,""b'RT @KAI121: Keberhasilan dalam kehidupan, hanya bisa didapatkan ketika ada kemauan dan berjuang dengan keras.\n\nSelamat pagi, #SahabatKAI\n\n#\xe2\x80\xa6'""";
"2021-06-16 00:00:45,1404952049268060165,Riri,""b'RT @KAI121: Keberhasilan dalam kehidupan, hanya bisa didapatkan ketika ada kemauan dan berjuang dengan keras.\n\nSelamat pagi, #SahabatKAI\n\n#\xe2\x80\xa6'""";
"2021-06-15 23:58:18,1404951432109854724,Mirza Agus Faishal,""b'RT @KAI121: Keberhasilan dalam kehidupan, hanya bisa didapatkan ketika ada kemauan dan berjuang dengan keras.\n\nSelamat pagi, #SahabatKAI\n\n#\xe2\x80\xa6'""";
"2021-06-15 23:55:08,1404950633325600768,Kereta Api Indonesia,""b'Keberhasilan dalam kehidupan, hanya bisa didapatkan ketika ada kemauan dan berjuang dengan keras.\n\nSelamat pagi,\xe2\x80\xa6 https://t.co/tHc5bS3Si9'""";
"2021-06-15 21:54:10,1404920191943729153,Welly Waisapey,""b'RT @KAI121: Bangun pagi bukanlah kewajiban, tapi sebuah keharusan. Keharusan mempersiapkan diri untuk menjemput rezeki.\n\nSelamat pagi, #Sah\xe2\x80\xa6'""";
2021-06-15 20:35:06,1404900294266290176,Pariwisata & Ekonomi Kreatif,b'Ayo dukung program vaksinasi agar Parekraf Indonesia segera bangkit kembali! \xf0\x9f\x98\x89 \n\n#InDOnesiaCARE\n#WonderfulIndonesia\xe2\x80\xa6 https://t.co/SBG6YXoHKl';
"2021-06-15 15:56:21,1404830144364122116,#ExploreToraja,""b'RT @kbrisingapura: \xe2\x80\x9cExperiencing Indonesia\xe2\x80\x9d: Kopi Arabika Toraja. \n.\nKopi yang berasal dari tanah Toraja, Sulawesi Selatan ini memiliki ras\xe2\x80\xa6'""";
"2021-06-15 15:37:40,1404825443002245126,Hana Faoziah Roni,""b'Istiqlal Mosque \xf0\x9f\x95\x8c\nIcon Muslims Religion in Indonesia \xf0\x9f\x87\xae\xf0\x9f\x87\xa9\n\xf0\x9f\x93\x8dJl. Taman Wijaya Kusuma, Ps. Baru, Sawah Besar, Jakarta Pu\xe2\x80\xa6 https://t.co/uohx2Tocwg'""";
"2021-06-15 15:34:23,1404824614396518401,Ilham Akmal Rafi Pramudya,""b'RT @KAI121: Bangun pagi bukanlah kewajiban, tapi sebuah keharusan. Keharusan mempersiapkan diri untuk menjemput rezeki.\n\nSelamat pagi, #Sah\xe2\x80\xa6'""";
2021-06-15 14:24:35,1404807048542535693,Evi Dwi Pebriani,b'r a i n b o w\n.\n.\n#rainbow\n#pelangi\n#padarisland \n#komodonationalpark \n#wonderfulindonesia @ Padar Island https://t.co/eS6TRYh9nH';
2021-06-15 14:18:54,1404805620897878018,Adria Sukma Jayana,b'RT @KAI121: Pancaran fajar di pagi hari adalah pancaran semangat. Semangat baru di hari yang baru. Sambutlah pagi dengan senyuman dan suasa\xe2\x80\xa6';
"2021-06-15 14:18:12,1404805445160738825,Adria Sukma Jayana,""b'RT @KAI121: Bangun pagi bukanlah kewajiban, tapi sebuah keharusan. Keharusan mempersiapkan diri untuk menjemput rezeki.\n\nSelamat pagi, #Sah\xe2\x80\xa6'""";
2021-06-15 13:15:55,1404789770358775809,ğ”‰ğ”ğ”¯ğ”¦ğ”¡ â„œğ”¬ğ”§ğ”ğ”Ÿ ğ”„.,b'*Ciremai 3078Mdpl*\nVia Linggajati Track\n.\n.\n.\n.\n#ciremai #ciremai3078mdpl #kuninganjawabarat #jabar\xe2\x80\xa6 https://t.co/VWNBrPfyvJ';
"2021-06-15 11:42:15,1404766196931567616,S Budi,""b'RT @KAI121: Bangun pagi bukanlah kewajiban, tapi sebuah keharusan. Keharusan mempersiapkan diri untuk menjemput rezeki.\n\nSelamat pagi, #Sah\xe2\x80\xa6'""";
"2021-06-15 11:38:24,1404765227137179660,Avonturia,""b'Bentang perbukitan Menoreh, Jatimulyo, Kulonprogo.\n\n#GenPI #GenPIJogja #ExploreKulonprogo #WisataJogja\xe2\x80\xa6 https://t.co/gJxvXItG8J'""";
"2021-06-15 10:05:48,1404741924532092928,Widinarko,""b'@CNNIndonesia Memotong msa hukuman 6 th??? Dan dikasus lain, pelnggr prokes dituntut hukuman pnjara 6 th??\n#WonderfulIndonesia'""";
"2021-06-15 09:31:43,1404733347478138884,GenPI Jogja,""b'https://t.co/xYflHJLj0Z\n\nBakpia Salak Alris merupakan camilan khas Kabupaten Sleman, Jogja yang menggunakan olahan\xe2\x80\xa6 https://t.co/j5zRPYuveX'""";
"2021-06-15 09:10:53,1404728105587994627,#MenangMelawanKetololan,""b'RT @sitajir89: bangsa ini ada pemiliknya.\nkeprihatinan ini hrs dikonsul kpd ktu Adat, kpl suku, ketua ke agamaan, rajaraja kesultanan, komu\xe2\x80\xa6'""";
"2021-06-15 08:50:49,1404723055197184001,si Ahli Muda,""b'bangsa ini ada pemiliknya.\nkeprihatinan ini hrs dikonsul kpd ktu Adat, kpl suku, ketua ke agamaan, rajaraja kesulta\xe2\x80\xa6 https://t.co/QrdCz9QtV6'""";
"2021-06-15 07:56:10,1404709301097095171,Naufal_Ndut,""b'RT @KAI121: Bangun pagi bukanlah kewajiban, tapi sebuah keharusan. Keharusan mempersiapkan diri untuk menjemput rezeki.\n\nSelamat pagi, #Sah\xe2\x80\xa6'""";
"2021-06-15 05:48:13,1404677103463796741,Pariaman Tourism,""b'Apel pagi selasa, 15 Juni 2021\n\nSesuai instruksi Walikota Pariaman Bapak Genius Umar bahwa apel pagi ASN di lingkun\xe2\x80\xa6 https://t.co/HXaS1Q5nno'""";
2021-06-15 05:12:14,1404668045579018253,yohanes sugiarto,b'Yuk yang belum ke Labuan Bajo\xf0\x9f\xa4\x97\n\nMore info / reservasi;\nWhatsapp: +62 82147191655\n\n#labuanbajo #padarisland #Komodo\xe2\x80\xa6 https://t.co/czyPBVuXbX'
"2021-06-15 04:06:43,1404651558453710852,Novri Hargita Kusuma,""b'RT @KAI121: Bangun pagi bukanlah kewajiban, tapi sebuah keharusan. Keharusan mempersiapkan diri untuk menjemput rezeki.\n\nSelamat pagi, #Sah\xe2\x80\xa6'""";
"2021-06-15 03:59:33,1404649754236100610,Hayat,""b'RT @KAI121: Bangun pagi bukanlah kewajiban, tapi sebuah keharusan. Keharusan mempersiapkan diri untuk menjemput rezeki.\n\nSelamat pagi, #Sah\xe2\x80\xa6'""";
2021-06-15 02:39:32,1404629620423417859,ACI Lover,b'RT @genpi_jogja: Warung ini menjadi sangat terkenal seantero Nusantara karena pernah direview oleh Pak Bondan dan diliput oleh televisi Nas\xe2\x80\xa6';
"2021-06-15 02:12:35,1404622836266782722,D H A N I,""b'RT @KAI121: Bangun pagi bukanlah kewajiban, tapi sebuah keharusan. Keharusan mempersiapkan diri untuk menjemput rezeki.\n\nSelamat pagi, #Sah\xe2\x80\xa6'""";
"2021-06-15 02:00:44,1404619855949557761,Layla,""b'RT @KAI121: Bangun pagi bukanlah kewajiban, tapi sebuah keharusan. Keharusan mempersiapkan diri untuk menjemput rezeki.\n\nSelamat pagi, #Sah\xe2\x80\xa6'""";
"2021-06-15 01:57:44,1404619099980722178,Bontot Komar,""b'RT @KAI121: Bangun pagi bukanlah kewajiban, tapi sebuah keharusan. Keharusan mempersiapkan diri untuk menjemput rezeki.\n\nSelamat pagi, #Sah\xe2\x80\xa6'""";
"2021-06-15 01:31:30,1404612496992866308,Lugas,""b'RT @KAI121: Bangun pagi bukanlah kewajiban, tapi sebuah keharusan. Keharusan mempersiapkan diri untuk menjemput rezeki.\n\nSelamat pagi, #Sah\xe2\x80\xa6'""";
"2021-06-15 01:18:50,1404609310936637444,Indonesian Embassy Singapore,""b'\xe2\x80\x9cExperiencing Indonesia\xe2\x80\x9d: Kopi Arabika Toraja. \n.\nKopi yang berasal dari tanah Toraja, Sulawesi Selatan ini memilik\xe2\x80\xa6 https://t.co/isOaLciL9X'""";
"2021-06-15 01:08:40,1404606753254174722,â€¢ğ“¦ğ“²ğ“´ğ“ª,""b'RT @KAI121: Bangun pagi bukanlah kewajiban, tapi sebuah keharusan. Keharusan mempersiapkan diri untuk menjemput rezeki.\n\nSelamat pagi, #Sah\xe2\x80\xa6'""";
"2021-06-15 01:04:46,1404605770050596867,E s t e r,""b'RT @KAI121: Bangun pagi bukanlah kewajiban, tapi sebuah keharusan. Keharusan mempersiapkan diri untuk menjemput rezeki.\n\nSelamat pagi, #Sah\xe2\x80\xa6'""";
"2021-06-15 01:04:34,1404605720981504001,Brili,""b'RT @KAI121: Bangun pagi bukanlah kewajiban, tapi sebuah keharusan. Keharusan mempersiapkan diri untuk menjemput rezeki.\n\nSelamat pagi, #Sah\xe2\x80\xa6'""";
"2021-06-14 23:53:36,1404587860276105216,Tri hadi bariyanto,""b'RT @KAI121: Bangun pagi bukanlah kewajiban, tapi sebuah keharusan. Keharusan mempersiapkan diri untuk menjemput rezeki.\n\nSelamat pagi, #Sah\xe2\x80\xa6'""";
"2021-06-14 23:50:08,1404586988422930435,Kereta Api Indonesia,""b'Bangun pagi bukanlah kewajiban, tapi sebuah keharusan. Keharusan mempersiapkan diri untuk menjemput rezeki.\n\nSelama\xe2\x80\xa6 https://t.co/79MxJQgTHk'""";
"2021-06-14 19:00:04,1404513988528861184,Agustin Peranginangin,""b'RT @Kemenparekraf: Yuk, sukseskan usahamu dengan sertifikasi #CHSE \xf0\x9f\x98\x89\n\n#InDOnesiaCARE\n#BangkitBersamaKemenparekraf\n#WonderfulIndonesia https\xe2\x80\xa6'""";
"2021-06-14 17:25:11,1404490111161569282,opa omponk,""b'Kampanyekan Wonderful Ride Kemenparekraf 2021, Sandi Didukung Komunitas Motor Bangkitkan """"Pariwisata Indonesia""""\n\nKa\xe2\x80\xa6 https://t.co/RC6pU1yojH'""";
"2021-06-14 17:18:39,1404488469531926532,Aris Apriyadi King,""b'diberikan sudah memenuhi protokol kebersihan, kesehatan, keselamatan, dan kelestarian lingkungan.\n.\xe2\x80\xa6 https://t.co/TzHLA65oe4'""";
2021-06-14 16:06:08,1404470217258934273,Aris Apriyadi King,b'Kemilau Pesawaran \nWisata Pantai Cinta Dewi Mandapa \xe2\x9b\xb1\xef\xb8\x8f\xf0\x9f\x8f\x9d\xef\xb8\x8f\n.\n.\n\xf0\x9f\x93\x8cGebang Teluk Pandan Pesawaran Lampung.\n.\n\xf0\x9f\x93\xb8 Repost\xe2\x80\xa6 https://t.co/jm8zXx5yzW';
2021-06-14 14:34:25,1404447135202897925,Pariwisata & Ekonomi Kreatif,b'Untuk Info Lebih Lanjut :\n081281981996 Endra (WhatsApp Only)\n08977791417 Selly (Whatsapp Only) \n\n*Syarat dan Ketent\xe2\x80\xa6 https://t.co/ehilyAQaeD';
2021-06-14 14:08:08,1404440522219921408,Yuk Jelajah,b'Sabana Gunung Merbabu...\n\xf0\x9f\x93\xb8 https://t.co/zBbGPngh6z / Jamal Mahfudz\n#merbabu #pendakiindonesia #pendakigunung\xe2\x80\xa6 https://t.co/FDVO57xBdx';
2021-06-14 13:40:22,1404433536560467968,GenPI Jogja,b'Warung ini menjadi sangat terkenal seantero Nusantara karena pernah direview oleh Pak Bondan dan diliput oleh telev\xe2\x80\xa6 https://t.co/rlH46DYUf3';
2021-06-14 12:47:16,1404420172908138497,ExplorePurbalingga,b'Mimin Jadi Pengin Nyobain Renang Di Situ Sepertinya Asik View Hijaunya Kota Purbalingga\xf0\x9f\x98\x8dReposted from @azizfadli\n\xf0\x9f\x93\x8dB\xe2\x80\xa6 https://t.co/NZUPPXc5r8';
"2021-06-14 11:54:14,1404406825814949893,Aina,""b'Gunungkidul adalah kepingan surga diselatan pesisir pulau Jawa, potensi pariwisata dan budaya di Gunungkidul. \nAyo\xe2\x80\xa6 https://t.co/QwPOGacPGA'""";
2021-06-14 11:51:59,1404406258136862722,Amelia,b'Ayo berwisata di Gunungkidul Miracle of Java. \n#wisatagunungkidul  #pesonaindonesia #wonderfulindonesia\xe2\x80\xa6 https://t.co/eF87QBpi6O';
2021-06-14 11:38:18,1404402816580407299,Delima Lima,b'Ayo berwisata di Gunungkidul Miracle of Java. #diindonesiaaja \n\n@kemenparekraf.ri  @pesonaid_travel @indtravel\xe2\x80\xa6 https://t.co/JRaOx5tmRG';
"2021-06-14 10:38:04,1404387656620855296,Pariwisata & Ekonomi Kreatif,""b'Yuk, sukseskan usahamu dengan sertifikasi #CHSE \xf0\x9f\x98\x89\n\n#InDOnesiaCARE\n#BangkitBersamaKemenparekraf\n#WonderfulIndonesia https://t.co/ZS7G7AlVGM'""";
2021-06-14 08:45:10,1404359245517049868,Deyus,b'RT @KAI121: Pancaran fajar di pagi hari adalah pancaran semangat. Semangat baru di hari yang baru. Sambutlah pagi dengan senyuman dan suasa\xe2\x80\xa6';
2021-06-14 08:35:41,1404356858966548480,Novri Hargita Kusuma,b'RT @KAI121: Pancaran fajar di pagi hari adalah pancaran semangat. Semangat baru di hari yang baru. Sambutlah pagi dengan senyuman dan suasa\xe2\x80\xa6';
2021-06-14 07:59:14,1404347686757691396,Pariwisata & Ekonomi Kreatif,b'Bagi seluruh pendaftar harap untuk menunggu informasi lebih lanjut melalui kanal media sosial @foodstartupid\n\nStay\xe2\x80\xa6 https://t.co/y69j6vTTcb';
"2021-06-14 07:40:34,1404342989531467779,Eka boedi,""b'Setelah 15 thn yg lalu, dan skr bisa kemari lagi. Telaga Madirda\n#WonderfulIndonesia \n#elfastrans https://t.co/QvYWyrMP1R'""";
"2021-06-14 06:54:34,1404331412833013762,KaumTabu,""b'@tribunnews Wisata bahari indo dpt jd primadona dunia, jk dikelola dgn baik #WonderfulIndonesia'""";
"2021-06-14 06:04:32,1404318820345384960,Generasi Pesona Indonesia Official,""b'RT @genpi_jogja: Keseruan puncak perayaan Festival Teluk Jailolo 2021. """"The Harmony of the Spice Island""""\n\n@Kemenparekraf @sandiuno\n@GenpiIn\xe2\x80\xa6'""";
2021-06-14 05:03:39,1404303498943074308,martrie viola,b'RT @KAI121: Pancaran fajar di pagi hari adalah pancaran semangat. Semangat baru di hari yang baru. Sambutlah pagi dengan senyuman dan suasa\xe2\x80\xa6';
"2021-06-14 04:07:54,1404289468006236164,Aat maning,""b'RT @Kemenparekraf: Jadi, buat kalian yang punya bisnis game langsung daftarkan diri di: https://t.co/YYneRI1MLP \n\nPaling lambat hingga 30 J\xe2\x80\xa6'""";
"2021-06-14 04:07:33,1404289379426701316,ğŸ’ğŸ’–ğŸ’™ğŸ’œâ£ï¸ğŸ†Maliaaa ğŸ’ğŸ’–ğŸ’™ğŸ’œâ£ï¸ğŸ†,""b'RT @Kemenparekraf: Jadi, buat kalian yang punya bisnis game langsung daftarkan diri di: https://t.co/YYneRI1MLP \n\nPaling lambat hingga 30 J\xe2\x80\xa6'""";
2021-06-14 03:01:44,1404272815520444420,Made Dav,b'RT @KAI121: Pancaran fajar di pagi hari adalah pancaran semangat. Semangat baru di hari yang baru. Sambutlah pagi dengan senyuman dan suasa\xe2\x80\xa6';
2021-06-14 02:41:07,1404267629183848449,slwaaaie,b'@DayakSuroboyo @eg_nrs Bangga dengan Indonesia karena kerukunan serta gotong royong masih berlaku \nWalau \nKadang di\xe2\x80\xa6 https://t.co/VdHkVSQbBT';
2021-06-14 02:30:18,1404264906384318466,Mchael,b'RT @KAI121: Pancaran fajar di pagi hari adalah pancaran semangat. Semangat baru di hari yang baru. Sambutlah pagi dengan senyuman dan suasa\xe2\x80\xa6';
"2021-06-14 02:24:41,1404263493323296769,Anandiwan Prawira Z,""b'RT @KAI121: Jangan pernah berhenti percaya pada harapan, karena keajaiban terjadi di setiap hari.\n\nSelamat pagi, #SahabatKAI\n\n#WonderfulInd\xe2\x80\xa6'""";
2021-06-14 02:14:52,1404261022261673987,Kang Misuh,b'RT @KAI121: Pancaran fajar di pagi hari adalah pancaran semangat. Semangat baru di hari yang baru. Sambutlah pagi dengan senyuman dan suasa\xe2\x80\xa6';
2021-06-14 01:42:10,1404252793523740679,Sonny RS ğŸ‡²ğŸ‡¨,b'RT @KAI121: Pancaran fajar di pagi hari adalah pancaran semangat. Semangat baru di hari yang baru. Sambutlah pagi dengan senyuman dan suasa\xe2\x80\xa6';
2021-06-14 01:41:48,1404252701450379266,Tonis Afrianto,b'RT @KAI121: Pancaran fajar di pagi hari adalah pancaran semangat. Semangat baru di hari yang baru. Sambutlah pagi dengan senyuman dan suasa\xe2\x80\xa6';
2021-06-14 01:12:55,1404245432239149060,Dyah Shinta K.,b'RT @KAI121: Pancaran fajar di pagi hari adalah pancaran semangat. Semangat baru di hari yang baru. Sambutlah pagi dengan senyuman dan suasa\xe2\x80\xa6';
2021-06-14 01:04:48,1404243390078750723,â€¢ğ“¦ğ“²ğ“´ğ“ª,b'RT @KAI121: Pancaran fajar di pagi hari adalah pancaran semangat. Semangat baru di hari yang baru. Sambutlah pagi dengan senyuman dan suasa\xe2\x80\xa6';
2021-06-14 00:55:28,1404241042958782465,ğ•¸ğ–†ğ–—ğ–Œğ–ğ–†ğ–™ğ–’ğ–†ğ–“,b'#selamatpagi  Indonesia... \nBersyukur kita hidup di negeri yg kaya akan segalanya ini\n#WonderfulIndonesia\n\nhttps://t.co/Iq1rpPanSe';
2021-06-14 00:55:17,1404240997387685893,No Name to R,b'RT @KAI121: Pancaran fajar di pagi hari adalah pancaran semangat. Semangat baru di hari yang baru. Sambutlah pagi dengan senyuman dan suasa\xe2\x80\xa6';
2021-06-14 00:42:21,1404237739571118083,Mukhorobin Azis Ryan,b'RT @KAI121: Pancaran fajar di pagi hari adalah pancaran semangat. Semangat baru di hari yang baru. Sambutlah pagi dengan senyuman dan suasa\xe2\x80\xa6';
2021-06-14 00:30:06,1404234659865767939,Merza Gamal,b'Terus Semangat!!!\nTetap Semangat\xe2\x80\xa6\nSalam Jelajah Nusantara Kakek #merzagamal #wonderfulindonesia #instatravelingram\xe2\x80\xa6 https://t.co/GpAXojWbcv';
2021-06-14 00:15:47,1404231054383226882,Jalur5 Community,b'RT @KAI121: Pancaran fajar di pagi hari adalah pancaran semangat. Semangat baru di hari yang baru. Sambutlah pagi dengan senyuman dan suasa\xe2\x80\xa6';
2021-06-14 00:06:51,1404228805770711042,D H A N I,b'RT @KAI121: Pancaran fajar di pagi hari adalah pancaran semangat. Semangat baru di hari yang baru. Sambutlah pagi dengan senyuman dan suasa\xe2\x80\xa6';
2021-06-14 00:05:54,1404228566603108354,Aluqman_bj,b'RT @KAI121: Pancaran fajar di pagi hari adalah pancaran semangat. Semangat baru di hari yang baru. Sambutlah pagi dengan senyuman dan suasa\xe2\x80\xa6';
2021-06-14 00:03:59,1404228086736908294,Ainun Nisa,b'RT @KAI121: Pancaran fajar di pagi hari adalah pancaran semangat. Semangat baru di hari yang baru. Sambutlah pagi dengan senyuman dan suasa\xe2\x80\xa6';
2021-06-13 23:58:10,1404226622052462594,Derian Dwi Santoso,b'RT @KAI121: Pancaran fajar di pagi hari adalah pancaran semangat. Semangat baru di hari yang baru. Sambutlah pagi dengan senyuman dan suasa\xe2\x80\xa6';
2021-06-13 23:57:47,1404226523071094785,JAMSE_AW86,b'Bambangan\n#mancingmania  #matapancing #matakail  #kakapmerah #kakap #bambangan #laut #palumara #ikanbakar\xe2\x80\xa6 https://t.co/d1vyxPmdOu';
2021-06-13 23:55:41,1404225998556520448,Kereta Api Indonesia,b'Pancaran fajar di pagi hari adalah pancaran semangat. Semangat baru di hari yang baru. Sambutlah pagi dengan senyum\xe2\x80\xa6 https://t.co/Z35SRSiLZe';
"2021-06-13 22:44:59,1404208205794709505,Nrwi (media komju official),""b'RT @KAI121: Jangan pernah berhenti percaya pada harapan, karena keajaiban terjadi di setiap hari.\n\nSelamat pagi, #SahabatKAI\n\n#WonderfulInd\xe2\x80\xa6'""";
2021-06-13 16:41:10,1404116645174415360,Konservasi Tourism,b'RT @pesonaid_travel: Sapaan mentari pagi terlihat lebih dramatis jika disaksikan melalui hamparan persawahan dan perkebunan berlatar-belaka\xe2\x80\xa6';
2021-06-13 15:17:41,1404095637826723840,Melisa Utomo,b'Kayak musuhan fotonya \xf0\x9f\x98\x82\n\n#Bali #indonesia #wonderfulindonesia #pandawabeach #friends #akhirnyacuti @ Pandawa Beach\xe2\x80\xa6 https://t.co/Q4WdK9A5fe';
"2021-06-13 14:13:43,1404079539798646784,Nona Pattihahuan,""b'Bersyukur punya mereka \xf0\x9f\xa5\xb0\n\nThankyou papa, kami ud di ajak kesini \xf0\x9f\x99\x8f\xe2\x9d\xa4\n.\n.\n#familytime #wonderfulindonesia #bali\xe2\x80\xa6 https://t.co/ai7dAaR5Hz'""";
"2021-06-13 13:43:41,1404071979737444353,raphael ezha,""b'RT @KAI121: Jangan pernah berhenti percaya pada harapan, karena keajaiban terjadi di setiap hari.\n\nSelamat pagi, #SahabatKAI\n\n#WonderfulInd\xe2\x80\xa6'""";
2021-06-13 13:36:48,1404070248043585538,Kiki Firmansyah,b'@DayakSuroboyo @MercyZheng @eg_nrs Bangga dengan Indonesia karena kerukunan serta gotong royong masih berlaku \nWala\xe2\x80\xa6 https://t.co/G9Da19o3Md';
2021-06-13 13:28:52,1404068253949825026,Kang_Abikyu,b'@DayakSuroboyo @eg_nrs Bangga dengan Indonesia karena kerukunan serta gotong royong masih berlaku \nWalau \nKadang di\xe2\x80\xa6 https://t.co/cBzcxHuonV';
"2021-06-13 13:17:58,1404065511088984065,Merza Gamal,""b'Suatu Senja di Banyuwangi\xe2\x80\xa6\nKakek #merzagamal #banyuwangi #wonderfulindonesia #instamemories @ Pantai Pulau Merah, B\xe2\x80\xa6 https://t.co/NFhKmRrfEJ'""";
"2021-06-13 13:17:11,1404065312367005706,Aris Apriyadi King,""b'@_kemilaupesawaran \nPesona Bumi Andan Jejama \xf0\x9f\xa5\xb0\n.\nSeberapa seringpun anda berpetualang, selalu ada hal menakjubkan y\xe2\x80\xa6 https://t.co/ZoBcjKxr2g'""";
"2021-06-13 12:27:04,1404052698555510786,Lugas,""b'RT @KAI121: Jangan pernah berhenti percaya pada harapan, karena keajaiban terjadi di setiap hari.\n\nSelamat pagi, #SahabatKAI\n\n#WonderfulInd\xe2\x80\xa6'""";
"2021-06-13 12:26:23,1404052527868309509,S Budi,""b'RT @KAI121: Apa yang terjadi di pagi hari, akan menentukan apa yang akan terjadi di sepanjang hari. Bukalah pagi dengan penuh semangat, aga\xe2\x80\xa6'""";
"2021-06-13 12:25:55,1404052413086986241,S Budi,""b'RT @KAI121: Syukuri akan nikmat-Nya. Beraktivitas pagi ini dengan penuh semangat, untuk menemukan kebaikan di dalamnya.\n\nSelamat pagi, #Sah\xe2\x80\xa6'""";
"2021-06-13 12:21:53,1404051396756787201,Adria Sukma Jayana,""b'RT @KAI121: Jangan pernah berhenti percaya pada harapan, karena keajaiban terjadi di setiap hari.\n\nSelamat pagi, #SahabatKAI\n\n#WonderfulInd\xe2\x80\xa6'""";
"2021-06-13 12:06:30,1404047526685151233,Aesyfa,""b'RT @Kemenparekraf: Ada yang mau nambahin, Sob?\n\n#BanggaBuatanIndonesia\n#DiIndonesiaAja\n#WonderfulIndonesia'""";
"2021-06-13 12:04:20,1404046981190742023,Pariwisata & Ekonomi Kreatif,""b'Ada yang mau nambahin, Sob?\n\n#BanggaBuatanIndonesia\n#DiIndonesiaAja\n#WonderfulIndonesia'""";
"2021-06-13 11:37:40,1404040269633363970,Resa Wahyuni,""b'@Kemenparekraf 1E, 2C, 3D, 4A, 5B - Kepulauan Raja Ampat, Papua Barat.\n\n#SaatnyaRekreasi\n#InDOnesiaCARE\xe2\x80\xa6 https://t.co/yD1XpgHtA0'""";
"2021-06-13 11:37:34,1404040244895223809,Resa Wahyuni,""b'@Kemenparekraf 1E, 2C, 3D, 4A, 5B - Kepulauan Raja Ampat, Papua Barat.\n\n#SaatnyaRekreasi\n#InDOnesiaCARE\xe2\x80\xa6 https://t.co/uQLKyOfaSy'""";
"2021-06-13 11:37:30,1404040225416904705,Resa Wahyuni,""b'@Kemenparekraf 1E, 2C, 3D, 4A, 5B - Kepulauan Raja Ampat, Papua Barat.\n\n#SaatnyaRekreasi\n#InDOnesiaCARE\xe2\x80\xa6 https://t.co/M9pCwiLJpK'""";
"2021-06-13 11:37:25,1404040206001393667,Resa Wahyuni,""b'@Kemenparekraf 1E, 2C, 3D, 4A, 5B - Kepulauan Raja Ampat, Papua Barat.\n\n#SaatnyaRekreasi\n#InDOnesiaCARE\xe2\x80\xa6 https://t.co/zO6zPKiiV1'""";
"2021-06-13 11:37:15,1404040163211157507,Resa Wahyuni,""b'@Kemenparekraf 1E, 2C, 3D, 4A, 5B - Kepulauan Raja Ampat, Papua Barat.\n\n#SaatnyaRekreasi\n#InDOnesiaCARE\xe2\x80\xa6 https://t.co/saoTmO2DmH'""";
"2021-06-13 11:37:10,1404040144462573570,Resa Wahyuni,""b'@Kemenparekraf 1E, 2C, 3D, 4A, 5B - Kepulauan Raja Ampat, Papua Barat.\n\n#SaatnyaRekreasi\n#InDOnesiaCARE\xe2\x80\xa6 https://t.co/5f8Pbv741c'""";
"2021-06-13 11:37:06,1404040125621833730,Resa Wahyuni,""b'@Kemenparekraf 1E, 2C, 3D, 4A, 5B - Kepulauan Raja Ampat, Papua Barat.\n\n#SaatnyaRekreasi\n#InDOnesiaCARE\xe2\x80\xa6 https://t.co/lryRcmDmYV'""";
"2021-06-13 11:37:01,1404040106613174275,Resa Wahyuni,""b'@Kemenparekraf 1E, 2C, 3D, 4A, 5B - Kepulauan Raja Ampat, Papua Barat.\n\n#SaatnyaRekreasi\n#InDOnesiaCARE\xe2\x80\xa6 https://t.co/dCAn7xQlxI'""";
"2021-06-13 11:36:57,1404040087453585415,Resa Wahyuni,""b'@Kemenparekraf 1E, 2C, 3D, 4A, 5B - Kepulauan Raja Ampat, Papua Barat.\n\n#SaatnyaRekreasi\n#InDOnesiaCARE\xe2\x80\xa6 https://t.co/MzTnpWo24Z'""";
"2021-06-13 11:36:52,1404040068289875970,Resa Wahyuni,""b'@Kemenparekraf 1E, 2C, 3D, 4A, 5B - Kepulauan Raja Ampat, Papua Barat.\n\n#SaatnyaRekreasi\n#InDOnesiaCARE\xe2\x80\xa6 https://t.co/qG6YG8rinc'""";
"2021-06-13 11:35:56,1404039830766424069,Resa Wahyuni,""b'@Kemenparekraf 1E, 2C, 3D, 4A, 5B - Kepulauan Raja Ampat, Papua Barat.\n\n#SaatnyaRekreasi\n#InDOnesiaCARE\xe2\x80\xa6 https://t.co/A2NbnlklnH'""";
"2021-06-13 11:35:48,1404039797417463808,Resa Wahyuni,""b'@Kemenparekraf 1E, 2C, 3D, 4A, 5B - Kepulauan Raja Ampat, Papua Barat.\n\n#SaatnyaRekreasi\n#InDOnesiaCARE\xe2\x80\xa6 https://t.co/f78ciEHso8'""";
"2021-06-13 11:35:42,1404039774558580739,Resa Wahyuni,""b'@Kemenparekraf 1E, 2C, 3D, 4A, 5B - Kepulauan Raja Ampat, Papua Barat.\n\n#SaatnyaRekreasi\n#InDOnesiaCARE\xe2\x80\xa6 https://t.co/FhIxYPdFvr'""";
"2021-06-13 11:35:38,1404039755612909578,Resa Wahyuni,""b'@Kemenparekraf 1E, 2C, 3D, 4A, 5B - Kepulauan Raja Ampat, Papua Barat.\n\n#SaatnyaRekreasi\n#InDOnesiaCARE\xe2\x80\xa6 https://t.co/VJ8SIAcAw7'""";
"2021-06-13 11:35:33,1404039736306536453,Resa Wahyuni,""b'@Kemenparekraf 1E, 2C, 3D, 4A, 5B - Kepulauan Raja Ampat, Papua Barat.\n\n#SaatnyaRekreasi\n#InDOnesiaCARE\xe2\x80\xa6 https://t.co/30F4D5lNZd'""";
"2021-06-13 11:35:27,1404039712663228429,Resa Wahyuni,""b'@Kemenparekraf 1E, 2C, 3D, 4A, 5B - Kepulauan Raja Ampat, Papua Barat.\n\n#SaatnyaRekreasi\n#InDOnesiaCARE\xe2\x80\xa6 https://t.co/A91yITX1o1'""";
"2021-06-13 11:35:23,1404039693973393410,Resa Wahyuni,""b'@Kemenparekraf 1E, 2C, 3D, 4A, 5B - Kepulauan Raja Ampat, Papua Barat.\n\n#SaatnyaRekreasi\n#InDOnesiaCARE\xe2\x80\xa6 https://t.co/9ke20zG6Sw'""";
"2021-06-13 11:35:18,1404039674994118664,Resa Wahyuni,""b'@Kemenparekraf 1E, 2C, 3D, 4A, 5B - Kepulauan Raja Ampat, Papua Barat.\n\n#SaatnyaRekreasi\n#InDOnesiaCARE\xe2\x80\xa6 https://t.co/90KFw7KndO'""";
"2021-06-13 11:35:14,1404039655704514564,Resa Wahyuni,""b'@Kemenparekraf 1E, 2C, 3D, 4A, 5B - Kepulauan Raja Ampat, Papua Barat.\n\n#SaatnyaRekreasi\n#InDOnesiaCARE\xe2\x80\xa6 https://t.co/KlMacgl2K6'""";
"2021-06-13 11:35:05,1404039618442371078,Resa Wahyuni,""b'@Kemenparekraf 1E, 2C, 3D, 4A, 5B - Kepulauan Raja Ampat, Papua Barat.\n\n#SaatnyaRekreasi\n#InDOnesiaCARE\xe2\x80\xa6 https://t.co/HttlycNOo4'""";
"2021-06-13 11:35:03,1404039611362406405,Eko Prihartono/Satriya Mudha,""b'RT @Kemenparekraf: Jadi, buat kalian yang punya bisnis game langsung daftarkan diri di: https://t.co/YYneRI1MLP \n\nPaling lambat hingga 30 J\xe2\x80\xa6'""";
"2021-06-13 11:33:55,1404039326397124610,Pariwisata & Ekonomi Kreatif,""b'Jadi, buat kalian yang punya bisnis game langsung daftarkan diri di: https://t.co/YYneRI1MLP \n\nPaling lambat hingga\xe2\x80\xa6 https://t.co/QUrpi1q9lp'""";
2021-06-13 10:15:40,1404019630973227013,Lugas,b'RT @cepe_cilacap: KA Kutojaya Selatan dengan background rumah sakit agisna Sidareja\n\n #keretaapi @KAI121  #keretaapiindonesia #kutojayasela\xe2\x80\xa6';
"2021-06-13 09:46:48,1404012369760509954,Nelissa Lenjau,""b'Jika kita memiliki keinginan yang kuat dari dalam hati, maka seluruh alam semesta akan bahu membahu mewujudkannya.\xe2\x80\xa6 https://t.co/UuaBqxy7Ch'""";
2021-06-13 09:45:55,1404012145889529860,Mas Fadly,b'RT @cepe_cilacap: KA Kutojaya Selatan dengan background rumah sakit agisna Sidareja\n\n #keretaapi @KAI121  #keretaapiindonesia #kutojayasela\xe2\x80\xa6';
"2021-06-13 09:22:04,1404006142343143425,Y L-JV ğŸŒ¹ğŸ,""b'RT @KAI121: Jangan pernah berhenti percaya pada harapan, karena keajaiban terjadi di setiap hari.\n\nSelamat pagi, #SahabatKAI\n\n#WonderfulInd\xe2\x80\xa6'""";
"2021-06-13 08:51:35,1403998470843764743,GenPI Jogja,""b'Keseruan puncak perayaan Festival Teluk Jailolo 2021. """"The Harmony of the Spice Island""""\n\n@Kemenparekraf @sandiuno\xe2\x80\xa6 https://t.co/TnBnxmHPoI'""";
"2021-06-13 06:56:30,1403969510881697795,Bayu,""b'@Kemenparekraf Jawabanya adalah: \n\n1 E\n2 C\n3 D\n4 A\n5 B\n\nKepulauan Raja Ampat, Provinsi Papua Barat\n\n#SobatParekraf\xe2\x80\xa6 https://t.co/LIhVOhO2C4'""";
"2021-06-13 06:56:20,1403969467919396864,Bayu,""b'@Kemenparekraf Jawabanya adalah: \n\n1 E\n2 C\n3 D\n4 A\n5 B\n\nKepulauan Raja Ampat, Provinsi Papua Barat\n\n#SobatParekraf\xe2\x80\xa6 https://t.co/uYTkHvKpAp'""";
"2021-06-13 05:44:47,1403951462355324934,Pariwisata & Ekonomi Kreatif,""b'#SobatParekraf tertarik ke sini? \xf0\x9f\x98\x8b \n\nYuk, selalu terapkan prokes dengan tetap memakai masker, mencuci tangan, dan m\xe2\x80\xa6 https://t.co/i4GS3fFqrc'""";
2021-06-13 05:21:19,1403945555265351683,Juragan Combro,b'RT @pesonaid_travel: Sapaan mentari pagi terlihat lebih dramatis jika disaksikan melalui hamparan persawahan dan perkebunan berlatar-belaka\xe2\x80\xa6';
"2021-06-13 04:23:08,1403930912740368388,Baskara Nabla Putra,""b'RT @KAI121: Jangan pernah berhenti percaya pada harapan, karena keajaiban terjadi di setiap hari.\n\nSelamat pagi, #SahabatKAI\n\n#WonderfulInd\xe2\x80\xa6'""";
"2021-06-13 03:57:15,1403924401641299969,Novri Hargita Kusuma,""b'RT @KAI121: Jangan pernah berhenti percaya pada harapan, karena keajaiban terjadi di setiap hari.\n\nSelamat pagi, #SahabatKAI\n\n#WonderfulInd\xe2\x80\xa6'""";
"2021-06-13 02:54:45,1403908672930017280,ExplorePurbalingga,""b'Pratin Van Java , sebuah desa di kota purbalingga jawa tengah dengan suasana asri pedesaan di tambah view gunung sl\xe2\x80\xa6 https://t.co/qOWIT5dIRY'""";
"2021-06-13 01:12:10,1403882855332147201,chatime milk tea,""b'RT @KAI121: Jangan pernah berhenti percaya pada harapan, karena keajaiban terjadi di setiap hari.\n\nSelamat pagi, #SahabatKAI\n\n#WonderfulInd\xe2\x80\xa6'""";
"2021-06-13 00:54:33,1403878425056595969,D H A N I,""b'RT @KAI121: Jangan pernah berhenti percaya pada harapan, karena keajaiban terjadi di setiap hari.\n\nSelamat pagi, #SahabatKAI\n\n#WonderfulInd\xe2\x80\xa6'""";
"2021-06-13 00:45:51,1403876232358371328,â€¢ğ“¦ğ“²ğ“´ğ“ª,""b'RT @KAI121: Jangan pernah berhenti percaya pada harapan, karena keajaiban terjadi di setiap hari.\n\nSelamat pagi, #SahabatKAI\n\n#WonderfulInd\xe2\x80\xa6'""";
"2021-06-13 00:29:04,1403872008379588611,Candra K,""b'RT @KAI121: Jangan pernah berhenti percaya pada harapan, karena keajaiban terjadi di setiap hari.\n\nSelamat pagi, #SahabatKAI\n\n#WonderfulInd\xe2\x80\xa6'""";
"2021-06-13 00:23:07,1403870512216903683,Bontot Komar,""b'RT @KAI121: Jangan pernah berhenti percaya pada harapan, karena keajaiban terjadi di setiap hari.\n\nSelamat pagi, #SahabatKAI\n\n#WonderfulInd\xe2\x80\xa6'""";
"2021-06-13 00:16:02,1403868727964160000,Made Dav,""b'RT @KAI121: Jangan pernah berhenti percaya pada harapan, karena keajaiban terjadi di setiap hari.\n\nSelamat pagi, #SahabatKAI\n\n#WonderfulInd\xe2\x80\xa6'""";
"2021-06-12 23:53:56,1403863169836077058,Kereta Api Indonesia,""b'Jangan pernah berhenti percaya pada harapan, karena keajaiban terjadi di setiap hari.\n\nSelamat pagi, #SahabatKAI\xe2\x80\xa6 https://t.co/N9Aqd493U3'""";
"2021-06-12 18:36:03,1403783172098166787,â¤ï¸â€ğŸ”¥ğ‰ğšğœğ¤ğ¢ğ ğŸ¦§ğŸ #basedLGBTğŸ³ï¸â€ğŸŒˆ,""b'RT @KAI121: Jangan menunggu keajaiban dunia untuk memulai pagi. Bangun dan bergegaslah, karena hari ini juga milik Anda.\n\nSelamat pagi, #Sa\xe2\x80\xa6'""";
"2021-06-12 17:27:21,1403765880970911749,si Ahli Muda,""b'@Kemenparekraf \n#WonderfulIndonesia  \nangg Jbtan gantung cuma 1 M , pemda anda dimana ? https://t.co/a1yjfzzuaI'""";
2021-06-12 17:13:07,1403762300960448514,si Ahli Muda,b'Tambang macam ini melanggar pasal 33 UUD45 dan merusak bumi Indonesia\n#WonderfulIndonesia https://t.co/c8Wrx4Klf5';
"2021-06-12 16:50:10,1403756522815954948,ğ“ğ”‚. ğ“•ğ“²ğ“½ğ“»ğ“² ğ“˜ğ“¼ğ“µğ“ªğ“¶ğ“² ğ“•ğ“ªğ“·ğ“­ğ“»ğ“²ğ“¼,""b'RT @fandrishanew: Batik menjadi salah satu warisan budaya yang berkembang dan termasyur di Indonesia. Sebagai bagian dari budaya.Yuk, menge\xe2\x80\xa6'""";
2021-06-12 15:57:46,1403743336956059653,annewidyadewonty,b'#alwayshappy #enjoylife #visitbali #wonderfulindonesia #diindonesiaaja #anakpantay @ Bali https://t.co/qzYIwGPqZ8';
"2021-06-12 15:38:35,1403738509601427457,Sigit Witjaksono,""b'RT @pesonaid_travel: Sobat Pesona, setelah tau fakta-faktanya, jadi makin pengen nggak sih kerja dari Bali? Yakin, nggak tergoda?  #DiIndon\xe2\x80\xa6'""";
2021-06-12 15:36:23,1403737954070061061,Sigit Witjaksono,b'RT @pesonaid_travel: Sapaan mentari pagi terlihat lebih dramatis jika disaksikan melalui hamparan persawahan dan perkebunan berlatar-belaka\xe2\x80\xa6';
2021-06-12 15:07:09,1403730599853002764,Generasi Yeremia ×”×‘×× ×• ×©×œ×•× ×¢×œ×™×›×,b'RT @pesonaid_travel: Sapaan mentari pagi terlihat lebih dramatis jika disaksikan melalui hamparan persawahan dan perkebunan berlatar-belaka\xe2\x80\xa6';
"2021-06-12 14:47:14,1403725586237849603,neilstha firman,""b'G Land - Plengkung Beach, Banyuwangi. The most eastern part of Java Island. #banyuwangi #jatimhits\xe2\x80\xa6 https://t.co/5GSTWCUJDS'""";
2021-06-12 14:03:09,1403714492375183361,Impian,b'Sunset \xf0\x9f\x8c\x85\n.\n.\n.\n#sunset#goldenhour#dusk#twilight#happy#weekend#happyweekend#goldskies#sky#skies#indonesia#wonderfuli\xe2\x80\xa6 https://t.co/q7ICJ4oT6F';
"2021-06-12 13:26:57,1403705380878774275,Adria Sukma Jayana,""b'RT @KAI121: Syukuri akan nikmat-Nya. Beraktivitas pagi ini dengan penuh semangat, untuk menemukan kebaikan di dalamnya.\n\nSelamat pagi, #Sah\xe2\x80\xa6'""";
"2021-06-12 13:26:52,1403705361240973316,Adria Sukma Jayana,""b'RT @KAI121: Inspirasi terbesar yang bisa kamu dapatkan, adalah mengetahui bahwa kamu menjadi inspirasi bagi orang lain. Bangun dan mulailah\xe2\x80\xa6'""";
"2021-06-12 13:26:24,1403705245004296198,Adria Sukma Jayana,""b'RT @KAI121: Jangan menunggu keajaiban dunia untuk memulai pagi. Bangun dan bergegaslah, karena hari ini juga milik Anda.\n\nSelamat pagi, #Sa\xe2\x80\xa6'""";
"2021-06-12 13:18:10,1403703172141510658,Pariwisata & Ekonomi Kreatif,""b'Jadi, dari 3 kawasan Zona Hijau Bebas Covid-19 di atas, mana nih yang paling bikin kangen dan enggak sabar untuk So\xe2\x80\xa6 https://t.co/1uSh2VL2qA'""";
2021-06-12 13:02:27,1403699218296958977,Mandor JeJe,b'KA Kutojaya Selatan dengan background rumah sakit agisna Sidareja\n\n #keretaapi @KAI121  #keretaapiindonesia\xe2\x80\xa6 https://t.co/Ni1TUEOMf0';
2021-06-12 12:41:30,1403693945784193034,dedy ira,b'RT @pesonaid_travel: Sapaan mentari pagi terlihat lebih dramatis jika disaksikan melalui hamparan persawahan dan perkebunan berlatar-belaka\xe2\x80\xa6';
2021-06-12 12:11:10,1403686312100515841,Pariwisata & Ekonomi Kreatif,b'Menparekraf @sandiuno berharap event ini mampu menggeliatkan kembali sektor Parekraf sekaligus mempromosikan destin\xe2\x80\xa6 https://t.co/zYmLzqUNgr';
"2021-06-12 11:45:42,1403679902096715784,Resa Wahyuni,""b'@Kemenparekraf 1E, 2C, 3D, 4A, 5B - Kepulauan Raja Ampat, Papua Barat.\n\n#SaatnyaRekreasi\n#InDOnesiaCARE\xe2\x80\xa6 https://t.co/mOSSBllfDu'""";
"2021-06-12 11:45:34,1403679869901238272,Resa Wahyuni,""b'@Kemenparekraf 1E, 2C, 3D, 4A, 5B - Kepulauan Raja Ampat, Papua Barat.\n\n#SaatnyaRekreasi\n#InDOnesiaCARE\xe2\x80\xa6 https://t.co/E2NMHICS2l'""";
"2021-06-12 11:45:30,1403679851106562050,Resa Wahyuni,""b'@Kemenparekraf 1E, 2C, 3D, 4A, 5B - Kepulauan Raja Ampat, Papua Barat.\n\n#SaatnyaRekreasi\n#InDOnesiaCARE\xe2\x80\xa6 https://t.co/6KhdNRFpb0'""";
"2021-06-12 11:45:25,1403679832282583042,Resa Wahyuni,""b'@Kemenparekraf 1E, 2C, 3D, 4A, 5B - Kepulauan Raja Ampat, Papua Barat.\n\n#SaatnyaRekreasi\n#InDOnesiaCARE\xe2\x80\xa6 https://t.co/f0r1esudxT'""";
"2021-06-12 11:45:21,1403679812875472897,Resa Wahyuni,""b'@Kemenparekraf 1E, 2C, 3D, 4A, 5B - Kepulauan Raja Ampat, Papua Barat.\n\n#SaatnyaRekreasi\n#InDOnesiaCARE\xe2\x80\xa6 https://t.co/ISk8wGCqon'""";
"2021-06-12 11:45:11,1403679771226038275,Resa Wahyuni,""b'@Kemenparekraf 1E, 2C, 3D, 4A, 5B - Kepulauan Raja Ampat, Papua Barat.\n\n#SaatnyaRekreasi\n#InDOnesiaCARE\xe2\x80\xa6 https://t.co/BNpuExBLFl'""";
"2021-06-12 11:45:06,1403679752343330829,Resa Wahyuni,""b'@Kemenparekraf 1E, 2C, 3D, 4A, 5B - Kepulauan Raja Ampat, Papua Barat.\n\n#SaatnyaRekreasi\n#InDOnesiaCARE\xe2\x80\xa6 https://t.co/UPJDmRER5v'""";
"2021-06-12 11:45:02,1403679732617469953,Resa Wahyuni,""b'@Kemenparekraf 1E, 2C, 3D, 4A, 5B - Kepulauan Raja Ampat, Papua Barat.\n\n#SaatnyaRekreasi\n#InDOnesiaCARE\xe2\x80\xa6 https://t.co/FVcvhCeC8h'""";
"2021-06-12 11:44:57,1403679713554432000,Resa Wahyuni,""b'@Kemenparekraf 1E, 2C, 3D, 4A, 5B - Kepulauan Raja Ampat, Papua Barat.\n\n#SaatnyaRekreasi\n#InDOnesiaCARE\xe2\x80\xa6 https://t.co/d4m96io4oX'""";
"2021-06-12 11:44:52,1403679694621331462,Resa Wahyuni,""b'@Kemenparekraf 1E, 2C, 3D, 4A, 5B - Kepulauan Raja Ampat, Papua Barat.\n\n#SaatnyaRekreasi\n#InDOnesiaCARE\xe2\x80\xa6 https://t.co/RvZakSNhzI'""";
"2021-06-12 11:44:48,1403679675876995077,Resa Wahyuni,""b'@Kemenparekraf 1E, 2C, 3D, 4A, 5B - Kepulauan Raja Ampat, Papua Barat.\n\n#SaatnyaRekreasi\n#InDOnesiaCARE\xe2\x80\xa6 https://t.co/QF6VOdnkDk'""";
"2021-06-12 11:44:38,1403679635586519041,Resa Wahyuni,""b'@Kemenparekraf 1E, 2C, 3D, 4A, 5B - Kepulauan Raja Ampat, Papua Barat.\n\n#SaatnyaRekreasi\n#InDOnesiaCARE\xe2\x80\xa6 https://t.co/k9TcNmpToj'""";
"2021-06-12 11:44:33,1403679611615993856,Resa Wahyuni,""b'@Kemenparekraf 1E, 2C, 3D, 4A, 5B - Kepulauan Raja Ampat, Papua Barat.\n\n#SaatnyaRekreasi\n#InDOnesiaCARE\xe2\x80\xa6 https://t.co/ES53L73Gpc'""";
"2021-06-12 11:44:28,1403679592871645193,Resa Wahyuni,""b'@Kemenparekraf 1E, 2C, 3D, 4A, 5B - Kepulauan Raja Ampat, Papua Barat.\n\n#SaatnyaRekreasi\n#InDOnesiaCARE\xe2\x80\xa6 https://t.co/XhoIZ3yQ5O'""";
"2021-06-12 11:44:24,1403679573435248648,Resa Wahyuni,""b'@Kemenparekraf 1E, 2C, 3D, 4A, 5B - Kepulauan Raja Ampat, Papua Barat.\n\n#SaatnyaRekreasi\n#InDOnesiaCARE\xe2\x80\xa6 https://t.co/s8a4QooPVe'""";
"2021-06-12 11:44:19,1403679554544144387,Resa Wahyuni,""b'@Kemenparekraf 1E, 2C, 3D, 4A, 5B - Kepulauan Raja Ampat, Papua Barat.\n\n#SaatnyaRekreasi\n#InDOnesiaCARE\xe2\x80\xa6 https://t.co/HOVCzThvxO'""";
"2021-06-12 11:44:15,1403679535606886406,Resa Wahyuni,""b'@Kemenparekraf 1E, 2C, 3D, 4A, 5B - Kepulauan Raja Ampat, Papua Barat.\n\n#SaatnyaRekreasi\n#InDOnesiaCARE\xe2\x80\xa6 https://t.co/xzg5zneX2Y'""";
"2021-06-12 11:44:10,1403679516665413636,Resa Wahyuni,""b'@Kemenparekraf 1E, 2C, 3D, 4A, 5B - Kepulauan Raja Ampat, Papua Barat.\n\n#SaatnyaRekreasi\n#InDOnesiaCARE\xe2\x80\xa6 https://t.co/wkolKj5WhX'""";
"2021-06-12 11:44:05,1403679497287651333,Resa Wahyuni,""b'@Kemenparekraf 1E, 2C, 3D, 4A, 5B - Kepulauan Raja Ampat, Papua Barat.\n\n#SaatnyaRekreasi\n#InDOnesiaCARE\xe2\x80\xa6 https://t.co/t4yhxIQvrn'""";
"2021-06-12 11:44:01,1403679478128156676,Resa Wahyuni,""b'@Kemenparekraf 1E, 2C, 3D, 4A, 5B - Kepulauan Raja Ampat, Papua Barat.\n\n#SaatnyaRekreasi\n#InDOnesiaCARE\xe2\x80\xa6 https://t.co/CmpTUBr5t3'""";
"2021-06-12 11:43:56,1403679459295694848,Resa Wahyuni,""b'@Kemenparekraf 1E, 2C, 3D, 4A, 5B - Kepulauan Raja Ampat, Papua Barat.\n\n#SaatnyaRekreasi\n#InDOnesiaCARE\xe2\x80\xa6 https://t.co/nAAKqk9x6D'""";
"2021-06-12 11:43:49,1403679427142119424,Resa Wahyuni,""b'@Kemenparekraf 1E, 2C, 3D, 4A, 5B - Kepulauan Raja Ampat, Papua Barat.\n\n#SaatnyaRekreasi\n#InDOnesiaCARE\xe2\x80\xa6 https://t.co/DAFc88hgEO'""";
"2021-06-12 11:43:44,1403679408733376514,Resa Wahyuni,""b'@Kemenparekraf 1E, 2C, 3D, 4A, 5B - Kepulauan Raja Ampat, Papua Barat.\n\n#SaatnyaRekreasi\n#InDOnesiaCARE\xe2\x80\xa6 https://t.co/Cedzd3KUBJ'""";
"2021-06-12 11:43:40,1403679389917716482,Resa Wahyuni,""b'@Kemenparekraf 1E, 2C, 3D, 4A, 5B - Kepulauan Raja Ampat, Papua Barat.\n\n#SaatnyaRekreasi\n#InDOnesiaCARE\xe2\x80\xa6 https://t.co/tjTK2jAs8i'""";
"2021-06-12 11:43:35,1403679371009806349,Resa Wahyuni,""b'@Kemenparekraf 1E, 2C, 3D, 4A, 5B - Kepulauan Raja Ampat, Papua Barat.\n\n#SaatnyaRekreasi\n#InDOnesiaCARE\xe2\x80\xa6 https://t.co/KOcDZUP5WA'""";
"2021-06-12 11:43:31,1403679352261267462,Resa Wahyuni,""b'@Kemenparekraf 1E, 2C, 3D, 4A, 5B - Kepulauan Raja Ampat, Papua Barat.\n\n#SaatnyaRekreasi\n#InDOnesiaCARE\xe2\x80\xa6 https://t.co/X3iQxbPx0j'""";
"2021-06-12 11:43:26,1403679332665491457,Resa Wahyuni,""b'@Kemenparekraf 1E, 2C, 3D, 4A, 5B - Kepulauan Raja Ampat, Papua Barat.\n\n#SaatnyaRekreasi\n#InDOnesiaCARE\xe2\x80\xa6 https://t.co/EClzpgaz0b'""";
"2021-06-12 11:43:22,1403679313740767237,Resa Wahyuni,""b'@Kemenparekraf 1E, 2C, 3D, 4A, 5B - Kepulauan Raja Ampat, Papua Barat.\n\n#SaatnyaRekreasi\n#InDOnesiaCARE\xe2\x80\xa6 https://t.co/zee52lGvtb'""";
"2021-06-12 11:43:15,1403679286595256322,Resa Wahyuni,""b'@Kemenparekraf 1E, 2C, 3D, 4A, 5B - Kepulauan Raja Ampat, Papua Barat.\n\n#SaatnyaRekreasi\n#InDOnesiaCARE\xe2\x80\xa6 https://t.co/BnojqGinWh'""";
"2021-06-12 11:43:11,1403679267720892433,Resa Wahyuni,""b'@Kemenparekraf 1E, 2C, 3D, 4A, 5B - Kepulauan Raja Ampat, Papua Barat.\n\n#SaatnyaRekreasi\n#InDOnesiaCARE\xe2\x80\xa6 https://t.co/OJjaEgtKFA'""";
2021-06-12 11:18:16,1403672999295811585,Nasir Muhammad,b'RT @pesonaid_travel: Sapaan mentari pagi terlihat lebih dramatis jika disaksikan melalui hamparan persawahan dan perkebunan berlatar-belaka\xe2\x80\xa6';
2021-06-12 11:12:24,1403671521705426952,Nareswari Aleeya,b'RT @pesonaid_travel: Sapaan mentari pagi terlihat lebih dramatis jika disaksikan melalui hamparan persawahan dan perkebunan berlatar-belaka\xe2\x80\xa6';
2021-06-12 11:12:19,1403671501128159233,PT INVESTASI TRADING SUKSES,b'INVESTASI TITIP DANA ONLINE\n#jalanjalangowa #gowakeren #pendaki #idpendaki #corona #pendakimusiman #lfl\xe2\x80\xa6 https://t.co/rMRLwtyron';
2021-06-12 10:49:09,1403665669724393480,Aat maning,b'RT @pesonaid_travel: Sapaan mentari pagi terlihat lebih dramatis jika disaksikan melalui hamparan persawahan dan perkebunan berlatar-belaka\xe2\x80\xa6';
2021-06-12 10:20:28,1403658453357187072,Pesona Indonesia,b'Sapaan mentari pagi terlihat lebih dramatis jika disaksikan melalui hamparan persawahan dan perkebunan berlatar-bel\xe2\x80\xa6 https://t.co/SweEMEHrbJ';
"2021-06-12 10:02:00,1403653806345232387,ajeng w,""b'RT @Kemenparekraf: Psstt, FTJ ke-XII tahun 2021 ini kembali terpilih masuk dalam Kharisma Event Nusantara (KEN) Kemenparekraf sebagai salah\xe2\x80\xa6'""";
2021-06-12 09:06:49,1403639916165279745,newsurban.id,b'Potret Negeriku Indonesia\n\n@redaksinewsurban\n\n#indonesia #bali #pariwisata #wonderfulindonesia #alamindonesia\xe2\x80\xa6 https://t.co/EG33uXmvdY';
"2021-06-12 08:45:00,1403634425837936641,raynaldo pardosi,""b'@Kemenparekraf 1E, 2C, 3D, 4A, 5B \nKepulauan Raja Ampat, Papua Barat\n\n#SaatnyaRekreasi\n#InDOnesiaCARE\xe2\x80\xa6 https://t.co/JXQZJym1KQ'""";
"2021-06-12 07:03:57,1403608996691550211,Agus Wiguna,""b'Nun jauh disana mata memandang di pesisir pantai Bali Barat... Mencari selfie spot yang hijau, asri dan jarang diku\xe2\x80\xa6 https://t.co/LtIYbgdVmP'""";
"2021-06-12 07:00:49,1403608208808108041,Pesona Indonesia,""b'Sobat Pesona, setelah tau fakta-faktanya, jadi makin pengen nggak sih kerja dari Bali? Yakin, nggak tergoda?\xe2\x80\xa6 https://t.co/m1zDIhqGMt'""";
2021-06-12 06:53:44,1403606427877265411,Ritsu Kokuyume ğŸ¦‹ğŸ»ğŸ° on an adventure until August,b'RT @SelenaRaffles: LIVE NOW~\n\nMerapat sekarang yukk (\xe3\x80\x9c\xef\xbf\xa3\xe2\x96\xbd\xef\xbf\xa3)\xe3\x80\x9c\n\nhttps://t.co/gnqPjRoidg\n\n#selelive #sechedulena #vtuber #kemenparekraf #DiIndo\xe2\x80\xa6';
"2021-06-12 06:21:12,1403598239211786243,raphael ezha,""b'RT @KAI121: Jangan menunggu keajaiban dunia untuk memulai pagi. Bangun dan bergegaslah, karena hari ini juga milik Anda.\n\nSelamat pagi, #Sa\xe2\x80\xa6'""";
"2021-06-12 06:14:01,1403596432108527618,Berita Fakta,""b'Wisata Alam Tanjung Tumpaan Minahasa, Sulawesi Utara\n#WisataAlam #TanjungTumpaan #Minahasa #Sulut #PariwisataSulut\xe2\x80\xa6 https://t.co/PS6y6HBhRc'""";
"2021-06-12 06:13:09,1403596212033384449,Berita Fakta,""b'Wisata Alam Tanjung Woka Boltim, Sulawesi Utara\n#WisataAlam #TanjungWoka #Boltim #Sulut #PariwisataSulut\xe2\x80\xa6 https://t.co/H0sNzApMKy'""";
"2021-06-12 06:12:32,1403596059356499971,Hot News,""b'Wisata Alam Tanjung Tumpaan Minahasa, Sulawesi Utara\n#WisataAlam #TanjungTumpaan #Minahasa #Sulut #PariwisataSulut\xe2\x80\xa6 https://t.co/6Yo0lCwWSx'""";
"2021-06-12 06:11:30,1403595798080675848,Hot News,""b'Wisata Alam Tanjung Woka Boltim, Sulawesi Utara\n#WisataAlam #TanjungWoka #Boltim #Sulut #PariwisataSulut\xe2\x80\xa6 https://t.co/OU9v2rfOkO'""";
2021-06-12 06:00:00,1403592904409559045,Selena Raffles â¤ï¸â˜…VTuberâ˜…ğŸ–¤,b'LIVE NOW~\n\nMerapat sekarang yukk (\xe3\x80\x9c\xef\xbf\xa3\xe2\x96\xbd\xef\xbf\xa3)\xe3\x80\x9c\n\nhttps://t.co/gnqPjRoidg\n\n#selelive #sechedulena #vtuber #kemenparekraf\xe2\x80\xa6 https://t.co/3DiyaX4grW';
2021-06-12 05:00:00,1403577804688666625,Selena Raffles â¤ï¸â˜…VTuberâ˜…ğŸ–¤,b'Yeii~\n1 jam lagi kita mendaki gunung bersama~\nkalian pernah ada pengalaman apa waktu mendaki?\nayoo cerita bareng el\xe2\x80\xa6 https://t.co/vTbuqERIGw';
"2021-06-12 03:52:37,1403560845989212163,Made Dav,""b'RT @KAI121: Jangan menunggu keajaiban dunia untuk memulai pagi. Bangun dan bergegaslah, karena hari ini juga milik Anda.\n\nSelamat pagi, #Sa\xe2\x80\xa6'""";
"2021-06-12 03:47:08,1403559468323852288,happyending,""b'@Kemenparekraf 1E, 2C, 3D, 4A, 5B - Kepulauan Raja Ampat, Provinsi Papua Barat \n\n#InDonesiaCare\n#SaatnyaRekreasi\xe2\x80\xa6 https://t.co/pWWG5Ou9N9'""";
"2021-06-12 03:19:31,1403552516118253569,Mchael,""b'RT @KAI121: Jangan menunggu keajaiban dunia untuk memulai pagi. Bangun dan bergegaslah, karena hari ini juga milik Anda.\n\nSelamat pagi, #Sa\xe2\x80\xa6'""";
"2021-06-12 03:18:49,1403552339512872963,Eky,""b'@Kemenparekraf 1E, 2C, 3D, 4A, 5B \nKepulauan Raja Ampat, Papua Barat\n\n#SaatnyaRekreasi\n#InDOnesiaCARE\xe2\x80\xa6 https://t.co/H3WziWuyw6'""";
"2021-06-12 03:02:05,1403548129266339843,â€¢ğ“¦ğ“²ğ“´ğ“ª,""b'RT @KAI121: Jangan menunggu keajaiban dunia untuk memulai pagi. Bangun dan bergegaslah, karena hari ini juga milik Anda.\n\nSelamat pagi, #Sa\xe2\x80\xa6'""";
"2021-06-12 02:27:20,1403539384322822145,YollaAnanda,""b'RT @hellokarimun: Hello March, summer is coming!\n\nHELLO KARIMUN BIG DEAL PACKAGE 3D2N\n\nJangan ketinggalan penawaran special. Booking duluan\xe2\x80\xa6'""";
"2021-06-12 02:07:32,1403534401858850819,HERI WAHYUDI,""b'RT @KAI121: Jangan menunggu keajaiban dunia untuk memulai pagi. Bangun dan bergegaslah, karena hari ini juga milik Anda.\n\nSelamat pagi, #Sa\xe2\x80\xa6'""";
"2021-06-12 01:37:26,1403526828602531842,â™,""b'RT @KAI121: Jangan menunggu keajaiban dunia untuk memulai pagi. Bangun dan bergegaslah, karena hari ini juga milik Anda.\n\nSelamat pagi, #Sa\xe2\x80\xa6'""";
2021-06-12 01:35:49,1403526420794515462,arief pm,b'Vaksinasi Covid 19 Tahap 1 https://t.co/r4QiRfLI95 lewat @YouTube \n#Vaksin #Covid19 #ARIEFPM #KONKRETkontenkreatif\xe2\x80\xa6 https://t.co/ztklC73oGW';
"2021-06-12 00:52:48,1403515592968052738,Brithyan Nugroho,""b'RT @KAI121: Jangan menunggu keajaiban dunia untuk memulai pagi. Bangun dan bergegaslah, karena hari ini juga milik Anda.\n\nSelamat pagi, #Sa\xe2\x80\xa6'""";
"2021-06-12 00:35:09,1403511153943220227,Sonny RS ğŸ‡²ğŸ‡¨,""b'RT @KAI121: Jangan menunggu keajaiban dunia untuk memulai pagi. Bangun dan bergegaslah, karena hari ini juga milik Anda.\n\nSelamat pagi, #Sa\xe2\x80\xa6'""";
"2021-06-12 00:31:34,1403510250209112074,Koper Traveler,""b'RT @KAI121: Syukuri akan nikmat-Nya. Beraktivitas pagi ini dengan penuh semangat, untuk menemukan kebaikan di dalamnya.\n\nSelamat pagi, #Sah\xe2\x80\xa6'""";
"2021-06-12 00:17:57,1403506822451908610,aden rhymes with eden â˜¾,""b'RT @KAI121: Jangan menunggu keajaiban dunia untuk memulai pagi. Bangun dan bergegaslah, karena hari ini juga milik Anda.\n\nSelamat pagi, #Sa\xe2\x80\xa6'""";
"2021-06-12 00:14:10,1403505873637412865,ğŸŒ»manusia biasağŸŒ»,""b'RT @KAI121: Jangan menunggu keajaiban dunia untuk memulai pagi. Bangun dan bergegaslah, karena hari ini juga milik Anda.\n\nSelamat pagi, #Sa\xe2\x80\xa6'""";
"2021-06-12 00:06:58,1403504059240181764,áµ€á´¿á´µ á´É‘ÑƒÏ…,""b'RT @KAI121: Jangan menunggu keajaiban dunia untuk memulai pagi. Bangun dan bergegaslah, karena hari ini juga milik Anda.\n\nSelamat pagi, #Sa\xe2\x80\xa6'""";
"2021-06-12 00:04:13,1403503368060903424,No Name to R,""b'RT @KAI121: Jangan menunggu keajaiban dunia untuk memulai pagi. Bangun dan bergegaslah, karena hari ini juga milik Anda.\n\nSelamat pagi, #Sa\xe2\x80\xa6'""";
"2021-06-11 23:54:18,1403500874589036544,Kereta Api Indonesia,""b'Jangan menunggu keajaiban dunia untuk memulai pagi. Bangun dan bergegaslah, karena hari ini juga milik Anda.\n\nSelam\xe2\x80\xa6 https://t.co/aWcUeXpb9I'""";
"2021-06-11 22:34:43,1403480843155390464,annewidyadewonty,""b'#alwayshappy #enjoylife #visitbali #wonderfulindonesia #diindonesiaaja @ Ubud, Bali, Indonesia https://t.co/kFZyfMEuoD'""";
2021-06-11 21:14:12,1403460582733348866,ahmad,b'RT @sitajir89: @InSrikandi_____ penjara itu untuk Koruptor bkn untuk Ulama nahi munkar\nbebaskan tahanan politik\n#VonisBebasIBHRS \n#VonisBeb\xe2\x80\xa6';
"2021-06-11 19:43:06,1403437657456201729,Oni Adriadi,""b'@Kemenparekraf 1E, 2C, 3D, 4A, 5B - Kepulauan Raja Ampat, Papua Barat\n#SaatnyaRekreasi\n#InDOnesiaCARE\xe2\x80\xa6 https://t.co/YgwSpbtixt'""";
2021-06-11 19:41:55,1403437356779118592,Oni Adriadi,b'RT @Kemenparekraf: Coba tulis  jawaban Sobat di kolom komentar \xf0\x9f\x91\x87\xf0\x9f\x91\x87\xf0\x9f\x91\x87\n\n#SaatnyaRekreasi \n#InDOnesiaCARE\n#BangkitBersamaKemenparekraf\n#Wonderfu\xe2\x80\xa6';
"2021-06-11 19:40:32,1403437010874896386,Oni Adriadi,""b'RT @Kemenparekraf: Makan gudeg, minumnya es kelapa\nGudegnya asli Yogyakarta\nYuk! nonton film asli Indonesia\nSupaya film Indonesia makin eks\xe2\x80\xa6'""";
"2021-06-11 19:40:24,1403436976963866624,Oni Adriadi,""b'RT @Kemenparekraf: Kuota penonton pertunjukan langsung TERBATAS! Segera dapatkan tiketnya, karena acara ini GRATIS! \n\nSalam Budaya \xf0\x9f\x99\x8f\xf0\x9f\x8f\xbb \n\n#IM\xe2\x80\xa6'""";
"2021-06-11 19:40:11,1403436921427173378,Oni Adriadi,""b'RT @Kemenparekraf: Ingin desamu menjadi wisata kelas dunia? Yuk, daftarkan dirimu di ADWI 2021! \xf0\x9f\x99\x8c \n\nSelengkapnya lihat di https://t.co/rHK7\xe2\x80\xa6'""";
"2021-06-11 19:39:54,1403436850027454465,Oni Adriadi,""b'RT @Kemenparekraf: Yuk, #SobatParekraf, persiapkan diri untuk ikut dalam keseruan Bali Cycling Marathon Fixed Gear Bike Series pada tanggal\xe2\x80\xa6'""";
"2021-06-11 19:39:27,1403436737339162626,Oni Adriadi,""b'RT @Kemenparekraf: Dari nilai 1-10, seberapa terpesonanya kamu dengan kostum ini nih, Sob? Kalau mimin jelas 10!\n\n#BanggaBuatanIndonesia\n#B\xe2\x80\xa6'""";
2021-06-11 19:38:56,1403436607990951938,Oni Adriadi,b'RT @Kemenparekraf: Periode Pendaftaran sampai dengan 15 Juni 2021 ya!\n\nInfo lebih lanjut hubungi:\nYayak 0899-1221-419\nWedha 0852-4384-7689\xe2\x80\xa6';
"2021-06-11 19:38:41,1403436543281287169,Oni Adriadi,""b'RT @Kemenparekraf: Kuy! ajak keluarga, teman, saudara semua merapat ke Sleman City Hall dan jangan lupa untuk selalu mentaati protokol kese\xe2\x80\xa6'""";
2021-06-11 19:38:25,1403436476394704897,Oni Adriadi,b'RT @Kemenparekraf: Informasi selengkapnya klik \nhttps://t.co/XIPkUwHZ20\n\n#LuunganMabalihUliJumah \n#NontonPKBdariRumah\n#PKBXLIII2021\n#PestaK\xe2\x80\xa6';
"2021-06-11 19:38:05,1403436395058794496,Oni Adriadi,""b'RT @Kemenparekraf: Gimana, Sob? Sekarang udah nggak bingung lagi dong kalau mau ke Likupang. Kasih nilai berapa nih buat Pantai Pulisan? At\xe2\x80\xa6'""";
"2021-06-11 19:37:57,1403436358748700672,Oni Adriadi,""b'RT @Kemenparekraf: Gimana, Sob, siap menjelajah #DanauToba? \xf0\x9f\x98\x8b \n\n#DiIndonesiaAja\n#InDOnesiaCARE\n#BangkitBersamaKemenparekraf\n#WonderfulIndon\xe2\x80\xa6'""";
2021-06-11 15:51:00,1403379245963911170,Sigit Mardiyanto,b'Lekas Sembuh Indonesia #wonderfulindonesia https://t.co/pD07p4Lysr';
"2021-06-11 15:50:51,1403379208169033741,Pariwisata & Ekonomi Kreatif,""b'Gimana, Sob, siap menjelajah #DanauToba? \xf0\x9f\x98\x8b \n\n#DiIndonesiaAja\n#InDOnesiaCARE\n#BangkitBersamaKemenparekraf\n#WonderfulIndonesia'""";
2021-06-11 15:39:28,1403376342352097282,Jeff,b'RT @agazi__: #wonderfulindonesia\n#musikindonesia\nprahara cinta /indra lesmana feat. /eva celia https://t.co/VI29Irgik4';
"2021-06-11 15:12:24,1403369530349346823,happyending,""b'@Kemenparekraf 1E, 2C, 3D, 4A, 5B - Kepulauan Raja Ampat, Provinsi Papua Barat \n\n#InDonesiaCare\n#SaatnyaRekreasi\xe2\x80\xa6 https://t.co/w6nLHvy8Zj'""";
"2021-06-11 15:02:30,1403367039805267973,Resa Wahyuni,""b'@Kemenparekraf 1E, 2C, 3D, 4A, 5B - Kepulauan Raja Ampat, Papua Barat.\n\n#SaatnyaRekreasi\n#InDOnesiaCARE\xe2\x80\xa6 https://t.co/CidVF4agri'""";
"2021-06-11 15:02:24,1403367013825740805,Resa Wahyuni,""b'@Kemenparekraf 1E, 2C, 3D, 4A, 5B - Kepulauan Raja Ampat, Papua Barat.\n\n#SaatnyaRekreasi\n#InDOnesiaCARE\xe2\x80\xa6 https://t.co/PoOTXbwO8K'""";
"2021-06-11 15:02:19,1403366995014283268,Resa Wahyuni,""b'@Kemenparekraf 1E, 2C, 3D, 4A, 5B - Kepulauan Raja Ampat, Papua Barat.\n\n#SaatnyaRekreasi\n#InDOnesiaCARE\xe2\x80\xa6 https://t.co/WrttYL9OP6'""";
"2021-06-11 15:02:15,1403366975993044992,Resa Wahyuni,""b'@Kemenparekraf 1E, 2C, 3D, 4A, 5B - Kepulauan Raja Ampat, Papua Barat.\n\n#SaatnyaRekreasi\n#InDOnesiaCARE\xe2\x80\xa6 https://t.co/erPTfaJ3x1'""";
"2021-06-11 15:02:10,1403366956967682048,Resa Wahyuni,""b'@Kemenparekraf 1E, 2C, 3D, 4A, 5B - Kepulauan Raja Ampat, Papua Barat.\n\n#SaatnyaRekreasi\n#InDOnesiaCARE\xe2\x80\xa6 https://t.co/G1uvUoFzeB'""";
"2021-06-11 15:02:05,1403366938105978881,Resa Wahyuni,""b'@Kemenparekraf 1E, 2C, 3D, 4A, 5B - Kepulauan Raja Ampat, Papua Barat.\n\n#SaatnyaRekreasi\n#InDOnesiaCARE\xe2\x80\xa6 https://t.co/E5qXJF03dT'""";
"2021-06-11 15:02:01,1403366919764267016,Resa Wahyuni,""b'@Kemenparekraf 1E, 2C, 3D, 4A, 5B - Kepulauan Raja Ampat, Papua Barat.\n\n#SaatnyaRekreasi\n#InDOnesiaCARE\xe2\x80\xa6 https://t.co/amQWgV97u2'""";
"2021-06-11 15:01:57,1403366900898271238,Resa Wahyuni,""b'@Kemenparekraf 1E, 2C, 3D, 4A, 5B - Kepulauan Raja Ampat, Papua Barat.\n\n#SaatnyaRekreasi\n#InDOnesiaCARE\xe2\x80\xa6 https://t.co/ZmFwBBGJwz'""";
"2021-06-11 15:01:52,1403366881856147457,Resa Wahyuni,""b'@Kemenparekraf 1E, 2C, 3D, 4A, 5B - Kepulauan Raja Ampat, Papua Barat.\n\n#SaatnyaRekreasi\n#InDOnesiaCARE\xe2\x80\xa6 https://t.co/eEbAVjHfRF'""";
"2021-06-11 15:01:48,1403366862793035776,Resa Wahyuni,""b'@Kemenparekraf 1E, 2C, 3D, 4A, 5B - Kepulauan Raja Ampat, Papua Barat.\n\n#SaatnyaRekreasi\n#InDOnesiaCARE\xe2\x80\xa6 https://t.co/MWzFTnTQ4c'""";
"2021-06-11 15:01:43,1403366843797053440,Resa Wahyuni,""b'@Kemenparekraf 1E, 2C, 3D, 4A, 5B - Kepulauan Raja Ampat, Papua Barat.\n\n#SaatnyaRekreasi\n#InDOnesiaCARE\xe2\x80\xa6 https://t.co/NLEpx82l6A'""";
"2021-06-11 15:01:38,1403366822464802824,Resa Wahyuni,""b'@Kemenparekraf 1E, 2C, 3D, 4A, 5B - Kepulauan Raja Ampat, Papua Barat.\n\n#SaatnyaRekreasi\n#InDOnesiaCARE\xe2\x80\xa6 https://t.co/zkDtaiApmU'""";
2021-06-11 12:12:56,1403324369699577860,Indonesia in Lebanon,b'Kegiatan Webinar tentang Media Digital \xe2\x80\x9cKenali dan Pahami Media Digital: Bijak dalam Bermedsos\xe2\x80\x9d\xe2\x80\xa6 https://t.co/ewJUjeGw9O';
2021-06-11 12:11:50,1403324093030703104,Indonesia in Lebanon,b'Dokumentasi Kegiatan Webinar KBRI Beirut tentang Media Digital \xe2\x80\x9cKenali dan Pahami Media Digital: Bijak dalam Bermed\xe2\x80\xa6 https://t.co/NSgzZ6ut41';
"2021-06-11 11:04:41,1403307190262255620,Pariwisata & Ekonomi Kreatif,""b'Gimana, Sob? Sekarang udah nggak bingung lagi dong kalau mau ke Likupang. Kasih nilai berapa nih buat Pantai Pulisa\xe2\x80\xa6 https://t.co/PxPr7XFpBY'""";
"2021-06-11 10:42:59,1403301730553458688,si Ahli Muda,""b'@fahiraidris ini camat, bupati, gubernur nya dimana, cuma 1 M untuk 1 jbt gantung.\n#WonderfulIndonesia'""";
2021-06-11 10:32:45,1403299155376623616,SquadAmbyarğŸŒºğŸŒ¸,b'RT @wonggbudi: Anda datang ke bali dan pulang pasti akan kangen lagi sama Bali..\n\n#wonderfulindonesia';
2021-06-11 09:49:21,1403288232008163342,Pariwisata & Ekonomi Kreatif,b'Informasi selengkapnya klik \nhttps://t.co/XIPkUwHZ20\n\n#LuunganMabalihUliJumah \n#NontonPKBdariRumah\n#PKBXLIII2021\xe2\x80\xa6 https://t.co/mTsH4jgyIa';
"2021-06-11 09:44:56,1403287123113910272,Iqbal Firmansyah,""b'RT @mindonesia_com: Tidak hanya turis lokal, turis mancanegara telah mengakui keindahan alam yang dimiliki Raja Ampat. Deretan pulau mengag\xe2\x80\xa6'""";
2021-06-11 09:32:14,1403283924487262214,SYRU,b'RT @Kemenparekraf: Serunya Bermain dengan Keramahan Hiu Paus di Gorontalo\n\nJgn pernah meragukan keindahan destinasi bahari Gorontalo. Prov.\xe2\x80\xa6';
2021-06-11 08:56:31,1403274938375491584,Hendra Gunawan Athar,b'RT @Kemenparekraf: Coba tulis  jawaban Sobat di kolom komentar \xf0\x9f\x91\x87\xf0\x9f\x91\x87\xf0\x9f\x91\x87\n\n#SaatnyaRekreasi \n#InDOnesiaCARE\n#BangkitBersamaKemenparekraf\n#Wonderfu\xe2\x80\xa6';
"2021-06-11 08:55:56,1403274792971632644,Hendra Gunawan Athar,""b'@Kemenparekraf 1E, 2C, 3D, 4A, 5B - Kepulauan Raja Ampat, Papua Barat\n#SaatnyaRekreasi\n#InDOnesiaCARE\xe2\x80\xa6 https://t.co/0lXBuT7NnN'""";
"2021-06-11 08:09:29,1403263103622553601,Agus Hendrowibowo,""b'RT @KAI121: Syukuri akan nikmat-Nya. Beraktivitas pagi ini dengan penuh semangat, untuk menemukan kebaikan di dalamnya.\n\nSelamat pagi, #Sah\xe2\x80\xa6'""";
"2021-06-11 08:04:55,1403261954332844032,Anne ğŸ’‹,""b'@Kemenparekraf 1E, 2C, 3D, 4A, 5B - Kepulauan Raja Ampat, Provinsi Papua Barat\n\n#SaatnyaRekreasi\n#InDOnesiaCARE\xe2\x80\xa6 https://t.co/DuUmtZzGoO'""";
"2021-06-11 07:59:31,1403260594552070147,dorika,""b'@Kemenparekraf """" 1E,2C,3D,4A,5B - Kep.Raja Ampat,Papua Barat """" yuk @lilychan_88  @kartieca_ahmad  @KimHie3   libura\xe2\x80\xa6 https://t.co/K77GUCDM2P'""";
"2021-06-11 07:59:11,1403260510347272199,dorika,""b'@Kemenparekraf """" 1E,2C,3D,4A,5B - Kep.Raja Ampat,Papua Barat """" yuk @ciptaindahku   @cindy_goodVibe  @LianSeribu   l\xe2\x80\xa6 https://t.co/pWfQEj6F0e'""";
"2021-06-11 07:47:42,1403257621767880708,Heru Minggir,""b'@Kemenparekraf 1E, 2C, 3D, 4A, 5B - Kepulauan Raja Ampat, Provinsi Papua Barat\n\nAyo ikutan \n@Hendra_G_Athar\xe2\x80\xa6 https://t.co/kNqSKurtyY'""";
2021-06-11 07:46:41,1403257363243569153,Heru Minggir,b'RT @Kemenparekraf: Coba tulis  jawaban Sobat di kolom komentar \xf0\x9f\x91\x87\xf0\x9f\x91\x87\xf0\x9f\x91\x87\n\n#SaatnyaRekreasi \n#InDOnesiaCARE\n#BangkitBersamaKemenparekraf\n#Wonderfu\xe2\x80\xa6';
"2021-06-11 07:34:02,1403254179271888905,Bukrene,""b'@Kemenparekraf Salam @Kemenparekraf\n\nJawabannya :\n1E, 2C, 3D, 4A, 5B - Kepulauan Raja Ampat, Provinsi Papua Barat.\xe2\x80\xa6 https://t.co/V0ayAg0Gkw'""";
2021-06-11 07:30:08,1403253197230075906,Bukrene,b'RT @Kemenparekraf: Coba tulis  jawaban Sobat di kolom komentar \xf0\x9f\x91\x87\xf0\x9f\x91\x87\xf0\x9f\x91\x87\n\n#SaatnyaRekreasi \n#InDOnesiaCARE\n#BangkitBersamaKemenparekraf\n#Wonderfu\xe2\x80\xa6';
"2021-06-11 07:17:47,1403250090064584706,DanieIsmanto,""b'RT @EMCOPaint: Yuk, coba main game #COLORtorial!\n\nUji kemampuanmu dengan kepekaan warna sambil menelusuri budaya Indonesia. Download sekara\xe2\x80\xa6'""";
"2021-06-11 07:08:31,1403247759717593088,Pariwisata & Ekonomi Kreatif,""b'Kuy! ajak keluarga, teman, saudara semua merapat ke Sleman City Hall dan jangan lupa untuk selalu mentaati protokol\xe2\x80\xa6 https://t.co/csBtCAQE9g'""";
"2021-06-11 06:37:53,1403240050381389830,Mchael,""b'RT @KAI121: Inspirasi terbesar yang bisa kamu dapatkan, adalah mengetahui bahwa kamu menjadi inspirasi bagi orang lain. Bangun dan mulailah\xe2\x80\xa6'""";
"2021-06-11 06:37:49,1403240033495044096,Mchael,""b'RT @KAI121: Syukuri akan nikmat-Nya. Beraktivitas pagi ini dengan penuh semangat, untuk menemukan kebaikan di dalamnya.\n\nSelamat pagi, #Sah\xe2\x80\xa6'""";
"2021-06-11 06:34:57,1403239310774521858,raphael ezha,""b'RT @KAI121: Syukuri akan nikmat-Nya. Beraktivitas pagi ini dengan penuh semangat, untuk menemukan kebaikan di dalamnya.\n\nSelamat pagi, #Sah\xe2\x80\xa6'""";
"2021-06-11 05:53:48,1403228954266271744,BukanZlatan,""b'@Kemenparekraf 1E, 2C, 3D, 4A, 5B - Kepulauan Raja Ampat, Provinsi Papua Barat\n#SaatnyaRekreasi #InDOnesiaCare\xe2\x80\xa6 https://t.co/Xcr11wE2Vq'""";
2021-06-11 05:37:04,1403224745529643008,Mukidioon,b'RT @sitajir89: @InSrikandi_____ penjara itu untuk Koruptor bkn untuk Ulama nahi munkar\nbebaskan tahanan politik\n#VonisBebasIBHRS \n#VonisBeb\xe2\x80\xa6';
2021-06-11 05:29:54,1403222939995041794,si Ahli Muda,b'@InSrikandi_____ penjara itu untuk Koruptor bkn untuk Ulama nahi munkar\nbebaskan tahanan politik\n#VonisBebasIBHRS\xe2\x80\xa6 https://t.co/denUuZbw9S';
"2021-06-11 05:20:12,1403220502185795585,kekasih.bayangan,""b'RT @KAI121: Syukuri akan nikmat-Nya. Beraktivitas pagi ini dengan penuh semangat, untuk menemukan kebaikan di dalamnya.\n\nSelamat pagi, #Sah\xe2\x80\xa6'""";
"2021-06-11 05:19:04,1403220214712619010,RDS,""b'Tau nggak ternyata dipinggir jalan malioboro, ada masjid nya juga lho\xe2\x80\xa6 \xf0\x9f\x98\x8d\xf0\x9f\x98\x8d\xf0\x9f\x98\x8d\n.\n#malioboro \n#jogja #jogjaistimewa\xe2\x80\xa6 https://t.co/8GggGcwqp8'""";
"2021-06-11 05:16:14,1403219500464427009,mengenalindonesia,""b'Tidak hanya turis lokal, turis mancanegara telah mengakui keindahan alam yang dimiliki Raja Ampat. Deretan pulau me\xe2\x80\xa6 https://t.co/MGbczCCdTu'""";
"2021-06-11 04:56:10,1403214450698555393,F2FIndonesia,""b'Yuk, #JadiTerampil bersama #F2FIndonesia dan #Terampil ! Ikuti pengajarannya di";" https://t.co/TsC0kVQxkq\xe2\x80\xa6 https://t.co/NbKd6Pb0Kx'"""
2021-06-11 04:53:25,1403213759997308930,Aat maning,b'RT @Kemenparekraf: Periode Pendaftaran sampai dengan 15 Juni 2021 ya!\n\nInfo lebih lanjut hubungi:\nYayak 0899-1221-419\nWedha 0852-4384-7689\xe2\x80\xa6';
2021-06-11 04:52:09,1403213440278171651,Pariwisata & Ekonomi Kreatif,b'Periode Pendaftaran sampai dengan 15 Juni 2021 ya!\n\nInfo lebih lanjut hubungi:\nYayak 0899-1221-419\nWedha 0852-4384-\xe2\x80\xa6 https://t.co/wCQGAsTpHu';
"2021-06-11 04:09:09,1403202620471189512,Sonny RS ğŸ‡²ğŸ‡¨,""b'RT @KAI121: Syukuri akan nikmat-Nya. Beraktivitas pagi ini dengan penuh semangat, untuk menemukan kebaikan di dalamnya.\n\nSelamat pagi, #Sah\xe2\x80\xa6'""";
"2021-06-11 04:07:15,1403202140156293122,D H A N I,""b'RT @KAI121: Syukuri akan nikmat-Nya. Beraktivitas pagi ini dengan penuh semangat, untuk menemukan kebaikan di dalamnya.\n\nSelamat pagi, #Sah\xe2\x80\xa6'""";
2021-06-11 03:43:07,1403196069224194055,si Ahli Muda,b'calon ketua KPK\n#WonderfulIndonesia https://t.co/X4NQjXlheS';
"2021-06-11 03:10:13,1403187787998777347,Ilham Akmal Rafi Pramudya,""b'RT @KAI121: Syukuri akan nikmat-Nya. Beraktivitas pagi ini dengan penuh semangat, untuk menemukan kebaikan di dalamnya.\n\nSelamat pagi, #Sah\xe2\x80\xa6'""";2021-06-17 22:55:16,1405660343976665094,Agustin Peranginangin,"b'RT @Kemenparekraf: Saatnya kita semakin #BanggaBuatanIndonesia \xf0\x9f\x87\xb2\xf0\x9f\x87\xa8, karena kita kaya karya.\n\n#WonderfulIndonesia\n#BangkitBersamaKemenparekraf'"
2021-06-17 22:42:38,1405657162425114624,Ucke Rakhmat Gadzali,"b'Olahraga.. Hangatkan badan, agar sehat jiwa dan raga... Men sana in cor foresano. \n. \n. \n#gowes #gowesindonesia\xe2\x80\xa6 https://t.co/B4pOZhux64'"
2021-06-17 22:27:26,1405653338314530816,Pariwisata & Ekonomi Kreatif,"b'Saatnya kita semakin #BanggaBuatanIndonesia \xf0\x9f\x87\xb2\xf0\x9f\x87\xa8, karena kita kaya karya.\n\n#WonderfulIndonesia\n#BangkitBersamaKemenparekraf'"
2021-06-17 19:48:22,1405613310079225857,Liez ğŸŒ¹,"b'[Day-17]\n\n-Place(s) you want to recommendation to Taeyong\n\nSetelah corona ini nggak ada lagi, w pengen Taeyong data\xe2\x80\xa6 https://t.co/63rAOoxqKR'"
2021-06-17 19:22:46,1405606864562180096,#AyokeBanten,"b'RT @genpibanten: Jangan lupa, yuk ajak rekan kalian untuk mengikuti dan menambah wawasan di Talk show Virtual Tour dan Anniversary Genpi Ba\xe2\x80\xa6'"
2021-06-17 19:21:11,1405606467760132096,GenPI Banten,"b'Jangan lupa, yuk ajak rekan kalian untuk mengikuti dan menambah wawasan di Talk show Virtual Tour dan Anniversary G\xe2\x80\xa6 https://t.co/xGpBYCGEkt'"
2021-06-17 17:40:06,1405581029369290769,Yuk Jelajah,b'7 Orangutan Dilepasliarkan di TN Bukit Baka Bukit Raya https://t.co/WMv5MERsP0 \n#orangutan #pendakiindonesia\xe2\x80\xa6 https://t.co/7yJDbywYIj'
2021-06-17 17:01:13,1405571242707484676,AndreasYunianto07,b'RT @KAI121: Manusia memiliki potensi dan kesempatan yang sama. Jangan menyerah untuk terus berusaha mendapatkan yang terbaik.\n\nSelamat pagi\xe2\x80\xa6'
2021-06-17 14:59:21,1405540574120214536,Adria Sukma Jayana,b'RT @KAI121: Manusia memiliki potensi dan kesempatan yang sama. Jangan menyerah untuk terus berusaha mendapatkan yang terbaik.\n\nSelamat pagi\xe2\x80\xa6'
2021-06-17 13:28:11,1405517631306702853,Merza Gamal,b'Suatu hari di Kupang-Nusa Tenggara Timur.\n#merzagamal #jelajahnusantara #wonderfulindonesia #instatravelling @ Kupa\xe2\x80\xa6 https://t.co/AWLnPDUeAT'
2021-06-17 13:03:02,1405511301367930883,Alva,b'RT @Kemenparekraf: Udah nggak sabar kan buat kemBALI lagi? Ada yang udah sepik-sepik buat izin atasan ngantor dari Bali?\n\n#WorkfromBali\n#Di\xe2\x80\xa6'
2021-06-17 13:02:06,1405511070278590466,Pariwisata & Ekonomi Kreatif,b'Udah nggak sabar kan buat kemBALI lagi? Ada yang udah sepik-sepik buat izin atasan ngantor dari Bali?\xe2\x80\xa6 https://t.co/gPhdNAvlpi'
2021-06-17 12:43:02,1405506271164264452,Mujiono,"b'RT @pesonaid_travel: Selamat pagi, Aku hanya ingin bilang.. Aku rindu Bali! #diindonesiaAja #WonderfulIndonesia https://t.co/GxqlvLy9Ta'"
2021-06-17 12:00:16,1405495505698787334,Nareswari Aleeya,b'RT @Kemenparekraf: Dapatkan informasi terkini seputar serba-serbi Parekraf Tanah Air melalui akun Instagram Kemenparekraf.ri \n\nCus difollow\xe2\x80\xa6'
2021-06-17 08:50:46,1405447819515678720,Pariwisata & Ekonomi Kreatif,b'Dapatkan informasi terkini seputar serba-serbi Parekraf Tanah Air melalui akun Instagram Kemenparekraf.ri \n\nCus dif\xe2\x80\xa6 https://t.co/9gjjbfBCOr'
2021-06-17 08:30:45,1405442780621676546,AdventureLombok_Tour,b'Here the few reasons to visit Lombok. #wonderfulindonesia #adventurelombok #wonderfulland #lombok \n\xf0\x9f\x93\xb8 IG: wahego @ L\xe2\x80\xa6 https://t.co/daGVnqZZb0'
2021-06-17 07:32:33,1405428133189226497,Namikaze,b'RT @KAI121: Manusia memiliki potensi dan kesempatan yang sama. Jangan menyerah untuk terus berusaha mendapatkan yang terbaik.\n\nSelamat pagi\xe2\x80\xa6'
2021-06-17 07:08:28,1405422074806427649,Nana,b'RT @KAI121: Manusia memiliki potensi dan kesempatan yang sama. Jangan menyerah untuk terus berusaha mendapatkan yang terbaik.\n\nSelamat pagi\xe2\x80\xa6'
2021-06-17 06:41:40,1405415327383494656,Agustin Peranginangin,"b'RT @Kemenparekraf: Geser untuk tau tips lengkapnya \xf0\x9f\x91\x89\xf0\x9f\x91\x89\xf0\x9f\x91\x89 \n\nYuk, sebarluaskan tips ini ke teman makan barengmu biar bisa saling jaga. Jangan l\xe2\x80\xa6'"
2021-06-17 04:52:11,1405387778846715911,andi sarinah,b'RT @Portofolio_RI: DIRGAHAYU HARI JADI - HUT KOTA PALEMBANG | Portofolio Indonesia https://t.co/0275gkpoyS\n#hutkotapalembang #harijadikotap\xe2\x80\xa6'
2021-06-17 22:55:16,1405660343976665094,Agustin Peranginangin,"b'RT @Kemenparekraf: Saatnya kita semakin #BanggaBuatanIndonesia \xf0\x9f\x87\xb2\xf0\x9f\x87\xa8, karena kita kaya karya.\n\n#WonderfulIndonesia\n#BangkitBersamaKemenparekraf'"
2021-06-17 22:42:38,1405657162425114624,Ucke Rakhmat Gadzali,"b'Olahraga.. Hangatkan badan, agar sehat jiwa dan raga... Men sana in cor foresano. \n. \n. \n#gowes #gowesindonesia\xe2\x80\xa6 https://t.co/B4pOZhux64'"
2021-06-17 22:27:26,1405653338314530816,Pariwisata & Ekonomi Kreatif,"b'Saatnya kita semakin #BanggaBuatanIndonesia \xf0\x9f\x87\xb2\xf0\x9f\x87\xa8, karena kita kaya karya.\n\n#WonderfulIndonesia\n#BangkitBersamaKemenparekraf'"
2021-06-17 19:48:22,1405613310079225857,Liez ğŸŒ¹,"b'[Day-17]\n\n-Place(s) you want to recommendation to Taeyong\n\nSetelah corona ini nggak ada lagi, w pengen Taeyong data\xe2\x80\xa6 https://t.co/63rAOoxqKR'"
2021-06-17 19:22:46,1405606864562180096,#AyokeBanten,"b'RT @genpibanten: Jangan lupa, yuk ajak rekan kalian untuk mengikuti dan menambah wawasan di Talk show Virtual Tour dan Anniversary Genpi Ba\xe2\x80\xa6'"
2021-06-17 19:21:11,1405606467760132096,GenPI Banten,"b'Jangan lupa, yuk ajak rekan kalian untuk mengikuti dan menambah wawasan di Talk show Virtual Tour dan Anniversary G\xe2\x80\xa6 https://t.co/xGpBYCGEkt'"
2021-06-17 17:40:06,1405581029369290769,Yuk Jelajah,b'7 Orangutan Dilepasliarkan di TN Bukit Baka Bukit Raya https://t.co/WMv5MERsP0 \n#orangutan #pendakiindonesia\xe2\x80\xa6 https://t.co/7yJDbywYIj'
2021-06-17 17:01:13,1405571242707484676,AndreasYunianto07,b'RT @KAI121: Manusia memiliki potensi dan kesempatan yang sama. Jangan menyerah untuk terus berusaha mendapatkan yang terbaik.\n\nSelamat pagi\xe2\x80\xa6'
2021-06-17 14:59:21,1405540574120214536,Adria Sukma Jayana,b'RT @KAI121: Manusia memiliki potensi dan kesempatan yang sama. Jangan menyerah untuk terus berusaha mendapatkan yang terbaik.\n\nSelamat pagi\xe2\x80\xa6'
2021-06-17 13:28:11,1405517631306702853,Merza Gamal,b'Suatu hari di Kupang-Nusa Tenggara Timur.\n#merzagamal #jelajahnusantara #wonderfulindonesia #instatravelling @ Kupa\xe2\x80\xa6 https://t.co/AWLnPDUeAT'
2021-06-17 13:03:02,1405511301367930883,Alva,b'RT @Kemenparekraf: Udah nggak sabar kan buat kemBALI lagi? Ada yang udah sepik-sepik buat izin atasan ngantor dari Bali?\n\n#WorkfromBali\n#Di\xe2\x80\xa6'
2021-06-17 13:02:06,1405511070278590466,Pariwisata & Ekonomi Kreatif,b'Udah nggak sabar kan buat kemBALI lagi? Ada yang udah sepik-sepik buat izin atasan ngantor dari Bali?\xe2\x80\xa6 https://t.co/gPhdNAvlpi'
2021-06-17 12:43:02,1405506271164264452,Mujiono,"b'RT @pesonaid_travel: Selamat pagi, Aku hanya ingin bilang.. Aku rindu Bali! #diindonesiaAja #WonderfulIndonesia https://t.co/GxqlvLy9Ta'"
2021-06-17 12:00:16,1405495505698787334,Nareswari Aleeya,b'RT @Kemenparekraf: Dapatkan informasi terkini seputar serba-serbi Parekraf Tanah Air melalui akun Instagram Kemenparekraf.ri \n\nCus difollow\xe2\x80\xa6'
2021-06-17 08:50:46,1405447819515678720,Pariwisata & Ekonomi Kreatif,b'Dapatkan informasi terkini seputar serba-serbi Parekraf Tanah Air melalui akun Instagram Kemenparekraf.ri \n\nCus dif\xe2\x80\xa6 https://t.co/9gjjbfBCOr'
2021-06-17 08:30:45,1405442780621676546,AdventureLombok_Tour,b'Here the few reasons to visit Lombok. #wonderfulindonesia #adventurelombok #wonderfulland #lombok \n\xf0\x9f\x93\xb8 IG: wahego @ L\xe2\x80\xa6 https://t.co/daGVnqZZb0'
2021-06-17 07:32:33,1405428133189226497,Namikaze,b'RT @KAI121: Manusia memiliki potensi dan kesempatan yang sama. Jangan menyerah untuk terus berusaha mendapatkan yang terbaik.\n\nSelamat pagi\xe2\x80\xa6'
2021-06-17 07:08:28,1405422074806427649,Nana,b'RT @KAI121: Manusia memiliki potensi dan kesempatan yang sama. Jangan menyerah untuk terus berusaha mendapatkan yang terbaik.\n\nSelamat pagi\xe2\x80\xa6'
2021-06-17 06:41:40,1405415327383494656,Agustin Peranginangin,"b'RT @Kemenparekraf: Geser untuk tau tips lengkapnya \xf0\x9f\x91\x89\xf0\x9f\x91\x89\xf0\x9f\x91\x89 \n\nYuk, sebarluaskan tips ini ke teman makan barengmu biar bisa saling jaga. Jangan l\xe2\x80\xa6'"
2021-06-17 04:52:11,1405387778846715911,andi sarinah,b'RT @Portofolio_RI: DIRGAHAYU HARI JADI - HUT KOTA PALEMBANG | Portofolio Indonesia https://t.co/0275gkpoyS\n#hutkotapalembang #harijadikotap\xe2\x80\xa6'
2021-06-17 22:55:16,1405660343976665094,Agustin Peranginangin,"b'RT @Kemenparekraf: Saatnya kita semakin #BanggaBuatanIndonesia \xf0\x9f\x87\xb2\xf0\x9f\x87\xa8, karena kita kaya karya.\n\n#WonderfulIndonesia\n#BangkitBersamaKemenparekraf'"
2021-06-17 22:42:38,1405657162425114624,Ucke Rakhmat Gadzali,"b'Olahraga.. Hangatkan badan, agar sehat jiwa dan raga... Men sana in cor foresano. \n. \n. \n#gowes #gowesindonesia\xe2\x80\xa6 https://t.co/B4pOZhux64'"
2021-06-17 22:27:26,1405653338314530816,Pariwisata & Ekonomi Kreatif,"b'Saatnya kita semakin #BanggaBuatanIndonesia \xf0\x9f\x87\xb2\xf0\x9f\x87\xa8, karena kita kaya karya.\n\n#WonderfulIndonesia\n#BangkitBersamaKemenparekraf'"
2021-06-17 19:48:22,1405613310079225857,Liez ğŸŒ¹,"b'[Day-17]\n\n-Place(s) you want to recommendation to Taeyong\n\nSetelah corona ini nggak ada lagi, w pengen Taeyong data\xe2\x80\xa6 https://t.co/63rAOoxqKR'"
2021-06-17 19:22:46,1405606864562180096,#AyokeBanten,"b'RT @genpibanten: Jangan lupa, yuk ajak rekan kalian untuk mengikuti dan menambah wawasan di Talk show Virtual Tour dan Anniversary Genpi Ba\xe2\x80\xa6'"
2021-06-17 19:21:11,1405606467760132096,GenPI Banten,"b'Jangan lupa, yuk ajak rekan kalian untuk mengikuti dan menambah wawasan di Talk show Virtual Tour dan Anniversary G\xe2\x80\xa6 https://t.co/xGpBYCGEkt'"
2021-06-17 17:40:06,1405581029369290769,Yuk Jelajah,b'7 Orangutan Dilepasliarkan di TN Bukit Baka Bukit Raya https://t.co/WMv5MERsP0 \n#orangutan #pendakiindonesia\xe2\x80\xa6 https://t.co/7yJDbywYIj'
2021-06-17 17:01:13,1405571242707484676,AndreasYunianto07,b'RT @KAI121: Manusia memiliki potensi dan kesempatan yang sama. Jangan menyerah untuk terus berusaha mendapatkan yang terbaik.\n\nSelamat pagi\xe2\x80\xa6'
2021-06-17 14:59:21,1405540574120214536,Adria Sukma Jayana,b'RT @KAI121: Manusia memiliki potensi dan kesempatan yang sama. Jangan menyerah untuk terus berusaha mendapatkan yang terbaik.\n\nSelamat pagi\xe2\x80\xa6'
2021-06-17 13:28:11,1405517631306702853,Merza Gamal,b'Suatu hari di Kupang-Nusa Tenggara Timur.\n#merzagamal #jelajahnusantara #wonderfulindonesia #instatravelling @ Kupa\xe2\x80\xa6 https://t.co/AWLnPDUeAT'
2021-06-17 13:03:02,1405511301367930883,Alva,b'RT @Kemenparekraf: Udah nggak sabar kan buat kemBALI lagi? Ada yang udah sepik-sepik buat izin atasan ngantor dari Bali?\n\n#WorkfromBali\n#Di\xe2\x80\xa6'
2021-06-17 13:02:06,1405511070278590466,Pariwisata & Ekonomi Kreatif,b'Udah nggak sabar kan buat kemBALI lagi? Ada yang udah sepik-sepik buat izin atasan ngantor dari Bali?\xe2\x80\xa6 https://t.co/gPhdNAvlpi'
2021-06-17 12:43:02,1405506271164264452,Mujiono,"b'RT @pesonaid_travel: Selamat pagi, Aku hanya ingin bilang.. Aku rindu Bali! #diindonesiaAja #WonderfulIndonesia https://t.co/GxqlvLy9Ta'"
2021-06-17 12:00:16,1405495505698787334,Nareswari Aleeya,b'RT @Kemenparekraf: Dapatkan informasi terkini seputar serba-serbi Parekraf Tanah Air melalui akun Instagram Kemenparekraf.ri \n\nCus difollow\xe2\x80\xa6'
2021-06-17 08:50:46,1405447819515678720,Pariwisata & Ekonomi Kreatif,b'Dapatkan informasi terkini seputar serba-serbi Parekraf Tanah Air melalui akun Instagram Kemenparekraf.ri \n\nCus dif\xe2\x80\xa6 https://t.co/9gjjbfBCOr'
2021-06-17 08:30:45,1405442780621676546,AdventureLombok_Tour,b'Here the few reasons to visit Lombok. #wonderfulindonesia #adventurelombok #wonderfulland #lombok \n\xf0\x9f\x93\xb8 IG: wahego @ L\xe2\x80\xa6 https://t.co/daGVnqZZb0'
2021-06-17 07:32:33,1405428133189226497,Namikaze,b'RT @KAI121: Manusia memiliki potensi dan kesempatan yang sama. Jangan menyerah untuk terus berusaha mendapatkan yang terbaik.\n\nSelamat pagi\xe2\x80\xa6'
2021-06-17 07:08:28,1405422074806427649,Nana,b'RT @KAI121: Manusia memiliki potensi dan kesempatan yang sama. Jangan menyerah untuk terus berusaha mendapatkan yang terbaik.\n\nSelamat pagi\xe2\x80\xa6'
2021-06-17 06:41:40,1405415327383494656,Agustin Peranginangin,"b'RT @Kemenparekraf: Geser untuk tau tips lengkapnya \xf0\x9f\x91\x89\xf0\x9f\x91\x89\xf0\x9f\x91\x89 \n\nYuk, sebarluaskan tips ini ke teman makan barengmu biar bisa saling jaga. Jangan l\xe2\x80\xa6'"
2021-06-17 04:52:11,1405387778846715911,andi sarinah,b'RT @Portofolio_RI: DIRGAHAYU HARI JADI - HUT KOTA PALEMBANG | Portofolio Indonesia https://t.co/0275gkpoyS\n#hutkotapalembang #harijadikotap\xe2\x80\xa6'
2021-06-17 22:55:16,1405660343976665094,Agustin Peranginangin,"b'RT @Kemenparekraf: Saatnya kita semakin #BanggaBuatanIndonesia \xf0\x9f\x87\xb2\xf0\x9f\x87\xa8, karena kita kaya karya.\n\n#WonderfulIndonesia\n#BangkitBersamaKemenparekraf'"
2021-06-17 22:42:38,1405657162425114624,Ucke Rakhmat Gadzali,"b'Olahraga.. Hangatkan badan, agar sehat jiwa dan raga... Men sana in cor foresano. \n. \n. \n#gowes #gowesindonesia\xe2\x80\xa6 https://t.co/B4pOZhux64'"
2021-06-17 22:27:26,1405653338314530816,Pariwisata & Ekonomi Kreatif,"b'Saatnya kita semakin #BanggaBuatanIndonesia \xf0\x9f\x87\xb2\xf0\x9f\x87\xa8, karena kita kaya karya.\n\n#WonderfulIndonesia\n#BangkitBersamaKemenparekraf'"
2021-06-17 19:48:22,1405613310079225857,Liez ğŸŒ¹,"b'[Day-17]\n\n-Place(s) you want to recommendation to Taeyong\n\nSetelah corona ini nggak ada lagi, w pengen Taeyong data\xe2\x80\xa6 https://t.co/63rAOoxqKR'"
2021-06-17 19:22:46,1405606864562180096,#AyokeBanten,"b'RT @genpibanten: Jangan lupa, yuk ajak rekan kalian untuk mengikuti dan menambah wawasan di Talk show Virtual Tour dan Anniversary Genpi Ba\xe2\x80\xa6'"
2021-06-17 19:21:11,1405606467760132096,GenPI Banten,"b'Jangan lupa, yuk ajak rekan kalian untuk mengikuti dan menambah wawasan di Talk show Virtual Tour dan Anniversary G\xe2\x80\xa6 https://t.co/xGpBYCGEkt'"
2021-06-17 17:40:06,1405581029369290769,Yuk Jelajah,b'7 Orangutan Dilepasliarkan di TN Bukit Baka Bukit Raya https://t.co/WMv5MERsP0 \n#orangutan #pendakiindonesia\xe2\x80\xa6 https://t.co/7yJDbywYIj'
2021-06-17 17:01:13,1405571242707484676,AndreasYunianto07,b'RT @KAI121: Manusia memiliki potensi dan kesempatan yang sama. Jangan menyerah untuk terus berusaha mendapatkan yang terbaik.\n\nSelamat pagi\xe2\x80\xa6'
2021-06-17 14:59:21,1405540574120214536,Adria Sukma Jayana,b'RT @KAI121: Manusia memiliki potensi dan kesempatan yang sama. Jangan menyerah untuk terus berusaha mendapatkan yang terbaik.\n\nSelamat pagi\xe2\x80\xa6'
2021-06-17 13:28:11,1405517631306702853,Merza Gamal,b'Suatu hari di Kupang-Nusa Tenggara Timur.\n#merzagamal #jelajahnusantara #wonderfulindonesia #instatravelling @ Kupa\xe2\x80\xa6 https://t.co/AWLnPDUeAT'
2021-06-17 13:03:02,1405511301367930883,Alva,b'RT @Kemenparekraf: Udah nggak sabar kan buat kemBALI lagi? Ada yang udah sepik-sepik buat izin atasan ngantor dari Bali?\n\n#WorkfromBali\n#Di\xe2\x80\xa6'
2021-06-17 13:02:06,1405511070278590466,Pariwisata & Ekonomi Kreatif,b'Udah nggak sabar kan buat kemBALI lagi? Ada yang udah sepik-sepik buat izin atasan ngantor dari Bali?\xe2\x80\xa6 https://t.co/gPhdNAvlpi'
2021-06-17 12:43:02,1405506271164264452,Mujiono,"b'RT @pesonaid_travel: Selamat pagi, Aku hanya ingin bilang.. Aku rindu Bali! #diindonesiaAja #WonderfulIndonesia https://t.co/GxqlvLy9Ta'"
2021-06-17 12:00:16,1405495505698787334,Nareswari Aleeya,b'RT @Kemenparekraf: Dapatkan informasi terkini seputar serba-serbi Parekraf Tanah Air melalui akun Instagram Kemenparekraf.ri \n\nCus difollow\xe2\x80\xa6'
2021-06-17 08:50:46,1405447819515678720,Pariwisata & Ekonomi Kreatif,b'Dapatkan informasi terkini seputar serba-serbi Parekraf Tanah Air melalui akun Instagram Kemenparekraf.ri \n\nCus dif\xe2\x80\xa6 https://t.co/9gjjbfBCOr'
2021-06-17 08:30:45,1405442780621676546,AdventureLombok_Tour,b'Here the few reasons to visit Lombok. #wonderfulindonesia #adventurelombok #wonderfulland #lombok \n\xf0\x9f\x93\xb8 IG: wahego @ L\xe2\x80\xa6 https://t.co/daGVnqZZb0'
2021-06-17 07:32:33,1405428133189226497,Namikaze,b'RT @KAI121: Manusia memiliki potensi dan kesempatan yang sama. Jangan menyerah untuk terus berusaha mendapatkan yang terbaik.\n\nSelamat pagi\xe2\x80\xa6'
2021-06-17 07:08:28,1405422074806427649,Nana,b'RT @KAI121: Manusia memiliki potensi dan kesempatan yang sama. Jangan menyerah untuk terus berusaha mendapatkan yang terbaik.\n\nSelamat pagi\xe2\x80\xa6'
2021-06-17 06:41:40,1405415327383494656,Agustin Peranginangin,"b'RT @Kemenparekraf: Geser untuk tau tips lengkapnya \xf0\x9f\x91\x89\xf0\x9f\x91\x89\xf0\x9f\x91\x89 \n\nYuk, sebarluaskan tips ini ke teman makan barengmu biar bisa saling jaga. Jangan l\xe2\x80\xa6'"
2021-06-17 04:52:11,1405387778846715911,andi sarinah,b'RT @Portofolio_RI: DIRGAHAYU HARI JADI - HUT KOTA PALEMBANG | Portofolio Indonesia https://t.co/0275gkpoyS\n#hutkotapalembang #harijadikotap\xe2\x80\xa6'
